-- Data for Match Betting App
-- Generated from Firestore export

PRAGMA foreign_keys = OFF;
BEGIN TRANSACTION;

-- Teams
INSERT INTO teams (id, name, abbreviation) VALUES (1, 'Albania', 'ALB');
INSERT INTO teams (id, name, abbreviation) VALUES (2, 'Austria', 'AUT');
INSERT INTO teams (id, name, abbreviation) VALUES (3, 'Belgia', 'BEL');
INSERT INTO teams (id, name, abbreviation) VALUES (4, 'Chorwacja', 'CRO');
INSERT INTO teams (id, name, abbreviation) VALUES (5, 'Czechy', 'CZE');
INSERT INTO teams (id, name, abbreviation) VALUES (6, 'Dania', 'DEN');
INSERT INTO teams (id, name, abbreviation) VALUES (7, 'Anglia', 'ENG');
INSERT INTO teams (id, name, abbreviation) VALUES (8, 'Francja', 'FRA');
INSERT INTO teams (id, name, abbreviation) VALUES (9, 'Gruzja', 'GEO');
INSERT INTO teams (id, name, abbreviation) VALUES (10, 'Niemcy', 'GER');
INSERT INTO teams (id, name, abbreviation) VALUES (11, 'Węgry', 'HUN');
INSERT INTO teams (id, name, abbreviation) VALUES (12, 'Włochy', 'ITA');
INSERT INTO teams (id, name, abbreviation) VALUES (13, 'Holandia', 'NED');
INSERT INTO teams (id, name, abbreviation) VALUES (14, 'Polska', 'POL');
INSERT INTO teams (id, name, abbreviation) VALUES (15, 'Portugalia', 'POR');
INSERT INTO teams (id, name, abbreviation) VALUES (16, 'Rumunia', 'ROU');
INSERT INTO teams (id, name, abbreviation) VALUES (17, 'Szkocja', 'SCO');
INSERT INTO teams (id, name, abbreviation) VALUES (18, 'Serbia', 'SER');
INSERT INTO teams (id, name, abbreviation) VALUES (19, 'Słowacja', 'SVK');
INSERT INTO teams (id, name, abbreviation) VALUES (20, 'Słowenia', 'SLO');
INSERT INTO teams (id, name, abbreviation) VALUES (21, 'Hiszpania', 'ESP');
INSERT INTO teams (id, name, abbreviation) VALUES (22, 'Szwajcaria', 'SUI');
INSERT INTO teams (id, name, abbreviation) VALUES (23, 'Turcja', 'TUR');
INSERT INTO teams (id, name, abbreviation) VALUES (24, 'Ukraina', 'UKR');

-- Users
INSERT INTO users (id, name, surname, image, firebase_id, winner_prediction_id) VALUES (1, 'Test', 'Test', NULL, 'vxLxo3VBnHSJYMUi0Xy1sOYodpd2', NULL);
INSERT INTO users (id, name, surname, image, firebase_id, winner_prediction_id) VALUES (2, 'Łukasz', 'Wołosewicz', 'profile/d271682b-4131-431b-926f-6e3a16977eda.jpg', 'NaQ14YKT5XSwKpwT99QugrLki313', 7);
INSERT INTO users (id, name, surname, image, firebase_id, winner_prediction_id) VALUES (3, 'Artur', 'Demiaszkiewicz ', NULL, '9DAQZ1pU7lNMwQC89XeIrJmK7Yb2', 15);
INSERT INTO users (id, name, surname, image, firebase_id, winner_prediction_id) VALUES (4, 'Patryk', 'Osmaczko ', 'profile/051ce48f-8302-4032-8388-55f0ae42f590.jpg', 'Vc3XXH6TR2Zn5qtryU6WQ1Yei3w2', 7);
INSERT INTO users (id, name, surname, image, firebase_id, winner_prediction_id) VALUES (5, 'Michał', 'Wołosewicz', 'profile/d25981a3-616a-4d09-8c2a-ec5f14c05853.jpg', 'LSJdzkzz0jX13ldfXT1reD1JGXY2', NULL);
INSERT INTO users (id, name, surname, image, firebase_id, winner_prediction_id) VALUES (6, 'Mariusz', 'Mingielewicz', 'profile/c4aa2557-ad52-47b5-8243-26094280017f.jpg', 'qdAbFA61zPPHfpUP4D49NveJWqX2', 15);
INSERT INTO users (id, name, surname, image, firebase_id, winner_prediction_id) VALUES (7, 'Przemysław', 'ZET', 'profile/c9aeca29-f7aa-4b8c-bcc6-e5241ccbbe6b.jpg', 'RzX1c0ubAUgfGTd8nBbI6h1hKoz2', 3);
INSERT INTO users (id, name, surname, image, firebase_id, winner_prediction_id) VALUES (8, 'Sebastian', 'Siemaszko', NULL, 'lcUnypC66hbMbthe551YxP8CW0V2', 8);
INSERT INTO users (id, name, surname, image, firebase_id, winner_prediction_id) VALUES (9, 'Jan', 'Obrycki', NULL, 'Sif7XSEAI9fo0H0bPPSdOGyDmun2', 8);
INSERT INTO users (id, name, surname, image, firebase_id, winner_prediction_id) VALUES (10, 'Krzysztof', 'Potrząsaj', 'profile/b72beb53-f41a-4a76-961d-9fa29093c676.jpg', '0Lgf5BQqsaWvqKnnIFKpP3KGJu62', 7);
INSERT INTO users (id, name, surname, image, firebase_id, winner_prediction_id) VALUES (11, 'Michal', 'Przybylak', 'profile/ed50f025-312a-49c4-aa01-36b7090b472b.jpg', 'uZNYM3kh7UeLzWwQbyw4tG9Kjwk2', 8);
INSERT INTO users (id, name, surname, image, firebase_id, winner_prediction_id) VALUES (12, 'Marta', 'Jabłońska', 'profile/b1df173f-95a6-416c-a0d6-5dd187c10ad3.jpg', 'MqOEYfHtRMT1YYm1VDyxu4hcB2f2', 10);
INSERT INTO users (id, name, surname, image, firebase_id, winner_prediction_id) VALUES (13, 'Dominik', 'Tomaszewski ', 'profile/5fe031a5-c915-4c6b-8133-0a9a9ccbcd45.jpg', 'eosRb3lq5ncEbl4Clk7vsKrvmQq2', 15);
INSERT INTO users (id, name, surname, image, firebase_id, winner_prediction_id) VALUES (14, 'Kasia', 'Nieinteresujsie', 'profile/acd7acd9-60f2-4fd9-8e4e-7d83ac51b412.jpg', 'J8bBwiN2qKYEbLtikNUDVjuSjmp2', 10);
INSERT INTO users (id, name, surname, image, firebase_id, winner_prediction_id) VALUES (15, 'Kuba', 'Łyczko', 'profile/d6919747-f3dc-4461-a42d-53747b297c1c.jpg', 'kUXzmdZkssgKeO5FCvX1MlWAp6n2', 7);
INSERT INTO users (id, name, surname, image, firebase_id, winner_prediction_id) VALUES (16, 'Kuba', 'Wawrowicz ', 'profile/fcb38c73-7628-422c-b773-2c3d37d07cc1.jpg', 'OsXXoKSKHAZoO2oXFPSt7P52OEt1', 8);
INSERT INTO users (id, name, surname, image, firebase_id, winner_prediction_id) VALUES (17, 'Krzysztof', 'Łyczko', 'profile/7b361c55-d9b2-490f-b2b8-dc137e0ff4d2.jpg', 'Pp3xO0LD5EOdtCnzt3NML3mceQq2', 12);
INSERT INTO users (id, name, surname, image, firebase_id, winner_prediction_id) VALUES (18, 'Kasia', 'Rożej', 'profile/6fe31fc0-9a97-4192-8d5c-e9f878a5603f.jpg', 'G7VKSVweJvNoQ3EJXOFNdFRFHs73', 12);

-- Matches
INSERT INTO matches (id, home_team_id, away_team_id, home_result, away_result, penalties_winner_id, kick_off_date, stage, knockout_stage) VALUES (1, 13, 8, 0, 0, NULL, 1718996400, 'GRUPA D', 0);
INSERT INTO matches (id, home_team_id, away_team_id, home_result, away_result, penalties_winner_id, kick_off_date, stage, knockout_stage) VALUES (2, 7, 20, 0, 0, NULL, 1719342000, 'GRUPA C', 0);
INSERT INTO matches (id, home_team_id, away_team_id, home_result, away_result, penalties_winner_id, kick_off_date, stage, knockout_stage) VALUES (3, 3, 19, 0, 1, NULL, 1718640000, 'GRUPA E', 0);
INSERT INTO matches (id, home_team_id, away_team_id, home_result, away_result, penalties_winner_id, kick_off_date, stage, knockout_stage) VALUES (4, 8, 3, 1, 0, NULL, 1719849600, '1/16', 1);
INSERT INTO matches (id, home_team_id, away_team_id, home_result, away_result, penalties_winner_id, kick_off_date, stage, knockout_stage) VALUES (5, 13, 7, 1, 2, NULL, 1720638000, 'PÓŁFINAŁ', 1);
INSERT INTO matches (id, home_team_id, away_team_id, home_result, away_result, penalties_winner_id, kick_off_date, stage, knockout_stage) VALUES (6, 18, 7, 0, 1, NULL, 1718564400, 'GRUPA C', 0);
INSERT INTO matches (id, home_team_id, away_team_id, home_result, away_result, penalties_winner_id, kick_off_date, stage, knockout_stage) VALUES (7, 9, 5, 1, 1, NULL, 1719061200, 'GRUPA F', 0);
INSERT INTO matches (id, home_team_id, away_team_id, home_result, away_result, penalties_winner_id, kick_off_date, stage, knockout_stage) VALUES (8, 14, 2, 1, 3, NULL, 1718985600, 'GRUPA D', 0);
INSERT INTO matches (id, home_team_id, away_team_id, home_result, away_result, penalties_winner_id, kick_off_date, stage, knockout_stage) VALUES (9, 21, 10, 1, 1, 21, 1720195200, 'ĆWIERĆFINAŁ', 1);
INSERT INTO matches (id, home_team_id, away_team_id, home_result, away_result, penalties_winner_id, kick_off_date, stage, knockout_stage) VALUES (10, 23, 15, 0, 3, NULL, 1719072000, 'GRUPA F', 0);
INSERT INTO matches (id, home_team_id, away_team_id, home_result, away_result, penalties_winner_id, kick_off_date, stage, knockout_stage) VALUES (11, 5, 23, 1, 2, NULL, 1719428400, 'GRUPA F', 0);
INSERT INTO matches (id, home_team_id, away_team_id, home_result, away_result, penalties_winner_id, kick_off_date, stage, knockout_stage) VALUES (12, 24, 3, 0, 0, NULL, 1719417600, 'GRUPA E', 0);
INSERT INTO matches (id, home_team_id, away_team_id, home_result, away_result, penalties_winner_id, kick_off_date, stage, knockout_stage) VALUES (13, 20, 6, 1, 1, NULL, 1718553600, 'GRUPA C', 0);
INSERT INTO matches (id, home_team_id, away_team_id, home_result, away_result, penalties_winner_id, kick_off_date, stage, knockout_stage) VALUES (14, 15, 5, 2, 1, NULL, 1718737200, 'GRUPA F', 0);
INSERT INTO matches (id, home_team_id, away_team_id, home_result, away_result, penalties_winner_id, kick_off_date, stage, knockout_stage) VALUES (15, 21, 9, 4, 1, NULL, 1719774000, '1/16', 1);
INSERT INTO matches (id, home_team_id, away_team_id, home_result, away_result, penalties_winner_id, kick_off_date, stage, knockout_stage) VALUES (16, 3, 16, 2, 0, NULL, 1719082800, 'GRUPA E', 0);
INSERT INTO matches (id, home_team_id, away_team_id, home_result, away_result, penalties_winner_id, kick_off_date, stage, knockout_stage) VALUES (17, 6, 18, 0, 0, NULL, 1719342000, 'GRUPA C', 0);
INSERT INTO matches (id, home_team_id, away_team_id, home_result, away_result, penalties_winner_id, kick_off_date, stage, knockout_stage) VALUES (18, 9, 15, 2, 0, NULL, 1719428400, 'GRUPA F', 0);
INSERT INTO matches (id, home_team_id, away_team_id, home_result, away_result, penalties_winner_id, kick_off_date, stage, knockout_stage) VALUES (19, 15, 8, 0, 0, 8, 1720206000, 'ĆWIERĆFINAŁ', 1);
INSERT INTO matches (id, home_team_id, away_team_id, home_result, away_result, penalties_winner_id, kick_off_date, stage, knockout_stage) VALUES (20, 6, 7, 1, 1, NULL, 1718899200, 'GRUPA C', 0);
INSERT INTO matches (id, home_team_id, away_team_id, home_result, away_result, penalties_winner_id, kick_off_date, stage, knockout_stage) VALUES (21, 19, 16, 1, 1, NULL, 1719417600, 'GRUPA E', 0);
INSERT INTO matches (id, home_team_id, away_team_id, home_result, away_result, penalties_winner_id, kick_off_date, stage, knockout_stage) VALUES (22, 22, 12, 2, 0, NULL, 1719676800, '1/16', 1);
INSERT INTO matches (id, home_team_id, away_team_id, home_result, away_result, penalties_winner_id, kick_off_date, stage, knockout_stage) VALUES (23, 13, 23, 2, 1, NULL, 1720292400, 'ĆWIERĆFINAŁ', 1);
INSERT INTO matches (id, home_team_id, away_team_id, home_result, away_result, penalties_winner_id, kick_off_date, stage, knockout_stage) VALUES (24, 10, 6, 2, 0, NULL, 1719687600, '1/16', 1);
INSERT INTO matches (id, home_team_id, away_team_id, home_result, away_result, penalties_winner_id, kick_off_date, stage, knockout_stage) VALUES (25, 10, 17, 5, 1, NULL, 1718391600, 'GRUPA A', 0);
INSERT INTO matches (id, home_team_id, away_team_id, home_result, away_result, penalties_winner_id, kick_off_date, stage, knockout_stage) VALUES (26, 2, 23, 1, 2, NULL, 1719946800, '1/16', 1);
INSERT INTO matches (id, home_team_id, away_team_id, home_result, away_result, penalties_winner_id, kick_off_date, stage, knockout_stage) VALUES (27, 23, 9, 3, 1, NULL, 1718726400, 'GRUPA F', 0);
INSERT INTO matches (id, home_team_id, away_team_id, home_result, away_result, penalties_winner_id, kick_off_date, stage, knockout_stage) VALUES (28, 17, 11, 0, 1, NULL, 1719169200, 'GRUPA A', 0);
INSERT INTO matches (id, home_team_id, away_team_id, home_result, away_result, penalties_winner_id, kick_off_date, stage, knockout_stage) VALUES (29, 2, 8, 0, 1, NULL, 1718650800, 'GRUPA D', 0);
INSERT INTO matches (id, home_team_id, away_team_id, home_result, away_result, penalties_winner_id, kick_off_date, stage, knockout_stage) VALUES (30, 20, 18, 1, 1, NULL, 1718888400, 'GRUPA C', 0);
INSERT INTO matches (id, home_team_id, away_team_id, home_result, away_result, penalties_winner_id, kick_off_date, stage, knockout_stage) VALUES (31, 16, 13, 0, 3, NULL, 1719936000, '1/16', 1);
INSERT INTO matches (id, home_team_id, away_team_id, home_result, away_result, penalties_winner_id, kick_off_date, stage, knockout_stage) VALUES (32, 4, 1, 2, 2, NULL, 1718802000, 'GRUPA B', 0);
INSERT INTO matches (id, home_team_id, away_team_id, home_result, away_result, penalties_winner_id, kick_off_date, stage, knockout_stage) VALUES (33, 15, 20, 0, 0, 15, 1719860400, '1/16', 1);
INSERT INTO matches (id, home_team_id, away_team_id, home_result, away_result, penalties_winner_id, kick_off_date, stage, knockout_stage) VALUES (34, 7, 22, 1, 1, 7, 1720281600, 'ĆWIERĆFINAŁ', 1);
INSERT INTO matches (id, home_team_id, away_team_id, home_result, away_result, penalties_winner_id, kick_off_date, stage, knockout_stage) VALUES (35, 22, 10, 1, 1, NULL, 1719169200, 'GRUPA A', 0);
INSERT INTO matches (id, home_team_id, away_team_id, home_result, away_result, penalties_winner_id, kick_off_date, stage, knockout_stage) VALUES (36, 21, 12, 1, 0, NULL, 1718910000, 'GRUPA B', 0);
INSERT INTO matches (id, home_team_id, away_team_id, home_result, away_result, penalties_winner_id, kick_off_date, stage, knockout_stage) VALUES (37, 11, 22, 1, 3, NULL, 1718456400, 'GRUPA A', 0);
INSERT INTO matches (id, home_team_id, away_team_id, home_result, away_result, penalties_winner_id, kick_off_date, stage, knockout_stage) VALUES (38, 17, 22, 1, 1, NULL, 1718823600, 'GRUPA A', 0);
INSERT INTO matches (id, home_team_id, away_team_id, home_result, away_result, penalties_winner_id, kick_off_date, stage, knockout_stage) VALUES (39, 7, 19, 1, 1, 7, 1719763200, '1/16', 1);
INSERT INTO matches (id, home_team_id, away_team_id, home_result, away_result, penalties_winner_id, kick_off_date, stage, knockout_stage) VALUES (40, 10, 11, 2, 0, NULL, 1718812800, 'GRUPA A', 0);
INSERT INTO matches (id, home_team_id, away_team_id, home_result, away_result, penalties_winner_id, kick_off_date, stage, knockout_stage) VALUES (41, 21, 7, 2, 1, NULL, 1720983600, 'FINAŁ', 1);
INSERT INTO matches (id, home_team_id, away_team_id, home_result, away_result, penalties_winner_id, kick_off_date, stage, knockout_stage) VALUES (42, 8, 21, 1, 2, NULL, 1720551600, 'PÓŁFINAŁ', 1);
INSERT INTO matches (id, home_team_id, away_team_id, home_result, away_result, penalties_winner_id, kick_off_date, stage, knockout_stage) VALUES (43, 13, 2, 2, 3, NULL, 1719331200, 'GRUPA D', 0);
INSERT INTO matches (id, home_team_id, away_team_id, home_result, away_result, penalties_winner_id, kick_off_date, stage, knockout_stage) VALUES (44, 8, 14, 1, 1, NULL, 1719331200, 'GRUPA D', 0);
INSERT INTO matches (id, home_team_id, away_team_id, home_result, away_result, penalties_winner_id, kick_off_date, stage, knockout_stage) VALUES (45, 16, 24, 3, 0, NULL, 1718629200, 'GRUPA E', 0);
INSERT INTO matches (id, home_team_id, away_team_id, home_result, away_result, penalties_winner_id, kick_off_date, stage, knockout_stage) VALUES (46, 14, 13, 1, 2, NULL, 1718542800, 'GRUPA D', 0);
INSERT INTO matches (id, home_team_id, away_team_id, home_result, away_result, penalties_winner_id, kick_off_date, stage, knockout_stage) VALUES (47, 4, 12, 1, 1, NULL, 1719255600, 'GRUPA B', 0);
INSERT INTO matches (id, home_team_id, away_team_id, home_result, away_result, penalties_winner_id, kick_off_date, stage, knockout_stage) VALUES (48, 1, 21, 0, 1, NULL, 1719255600, 'GRUPA B', 0);
INSERT INTO matches (id, home_team_id, away_team_id, home_result, away_result, penalties_winner_id, kick_off_date, stage, knockout_stage) VALUES (49, 19, 24, 1, 2, NULL, 1718974800, 'GRUPA E', 0);
INSERT INTO matches (id, home_team_id, away_team_id, home_result, away_result, penalties_winner_id, kick_off_date, stage, knockout_stage) VALUES (50, 12, 1, 2, 1, NULL, 1718478000, 'GRUPA B', 0);
INSERT INTO matches (id, home_team_id, away_team_id, home_result, away_result, penalties_winner_id, kick_off_date, stage, knockout_stage) VALUES (51, 21, 4, 3, 0, NULL, 1718467200, 'GRUPA B', 0);

-- Bets
INSERT INTO bets (id, match_id, user_id, home_goals_prediction, away_goals_prediction, penalties_winner_id) VALUES (1, 1, 8, 0, 2, NULL);
INSERT INTO bets (id, match_id, user_id, home_goals_prediction, away_goals_prediction, penalties_winner_id) VALUES (2, 1, 15, 1, 3, NULL);
INSERT INTO bets (id, match_id, user_id, home_goals_prediction, away_goals_prediction, penalties_winner_id) VALUES (3, 1, 3, 1, 2, NULL);
INSERT INTO bets (id, match_id, user_id, home_goals_prediction, away_goals_prediction, penalties_winner_id) VALUES (4, 1, 7, 2, 1, NULL);
INSERT INTO bets (id, match_id, user_id, home_goals_prediction, away_goals_prediction, penalties_winner_id) VALUES (5, 1, 13, 1, 1, NULL);
INSERT INTO bets (id, match_id, user_id, home_goals_prediction, away_goals_prediction, penalties_winner_id) VALUES (6, 1, 18, 1, 2, NULL);
INSERT INTO bets (id, match_id, user_id, home_goals_prediction, away_goals_prediction, penalties_winner_id) VALUES (7, 1, 6, 2, 2, NULL);
INSERT INTO bets (id, match_id, user_id, home_goals_prediction, away_goals_prediction, penalties_winner_id) VALUES (8, 1, 2, 2, 2, NULL);
INSERT INTO bets (id, match_id, user_id, home_goals_prediction, away_goals_prediction, penalties_winner_id) VALUES (9, 1, 12, 0, 1, NULL);
INSERT INTO bets (id, match_id, user_id, home_goals_prediction, away_goals_prediction, penalties_winner_id) VALUES (10, 1, 9, 1, 3, NULL);
INSERT INTO bets (id, match_id, user_id, home_goals_prediction, away_goals_prediction, penalties_winner_id) VALUES (11, 1, 10, 0, 2, NULL);
INSERT INTO bets (id, match_id, user_id, home_goals_prediction, away_goals_prediction, penalties_winner_id) VALUES (12, 1, 11, 1, 2, NULL);
INSERT INTO bets (id, match_id, user_id, home_goals_prediction, away_goals_prediction, penalties_winner_id) VALUES (13, 1, 17, 2, 2, NULL);
INSERT INTO bets (id, match_id, user_id, home_goals_prediction, away_goals_prediction, penalties_winner_id) VALUES (14, 1, 14, 1, 0, NULL);
INSERT INTO bets (id, match_id, user_id, home_goals_prediction, away_goals_prediction, penalties_winner_id) VALUES (15, 1, 4, 0, 2, NULL);
INSERT INTO bets (id, match_id, user_id, home_goals_prediction, away_goals_prediction, penalties_winner_id) VALUES (16, 1, 16, 1, 1, NULL);
INSERT INTO bets (id, match_id, user_id, home_goals_prediction, away_goals_prediction, penalties_winner_id) VALUES (17, 2, 3, 2, 1, NULL);
INSERT INTO bets (id, match_id, user_id, home_goals_prediction, away_goals_prediction, penalties_winner_id) VALUES (18, 2, 5, 1, 1, 20);
INSERT INTO bets (id, match_id, user_id, home_goals_prediction, away_goals_prediction, penalties_winner_id) VALUES (19, 2, 11, 2, 0, NULL);
INSERT INTO bets (id, match_id, user_id, home_goals_prediction, away_goals_prediction, penalties_winner_id) VALUES (20, 2, 8, 4, 0, NULL);
INSERT INTO bets (id, match_id, user_id, home_goals_prediction, away_goals_prediction, penalties_winner_id) VALUES (21, 2, 15, 2, 0, NULL);
INSERT INTO bets (id, match_id, user_id, home_goals_prediction, away_goals_prediction, penalties_winner_id) VALUES (22, 2, 17, 1, 1, NULL);
INSERT INTO bets (id, match_id, user_id, home_goals_prediction, away_goals_prediction, penalties_winner_id) VALUES (23, 2, 12, 1, 0, NULL);
INSERT INTO bets (id, match_id, user_id, home_goals_prediction, away_goals_prediction, penalties_winner_id) VALUES (24, 2, 14, 1, 0, NULL);
INSERT INTO bets (id, match_id, user_id, home_goals_prediction, away_goals_prediction, penalties_winner_id) VALUES (25, 2, 9, 4, 0, NULL);
INSERT INTO bets (id, match_id, user_id, home_goals_prediction, away_goals_prediction, penalties_winner_id) VALUES (26, 2, 4, 2, 0, NULL);
INSERT INTO bets (id, match_id, user_id, home_goals_prediction, away_goals_prediction, penalties_winner_id) VALUES (27, 2, 6, 2, 0, NULL);
INSERT INTO bets (id, match_id, user_id, home_goals_prediction, away_goals_prediction, penalties_winner_id) VALUES (28, 2, 7, 1, 1, NULL);
INSERT INTO bets (id, match_id, user_id, home_goals_prediction, away_goals_prediction, penalties_winner_id) VALUES (29, 2, 2, 1, 0, NULL);
INSERT INTO bets (id, match_id, user_id, home_goals_prediction, away_goals_prediction, penalties_winner_id) VALUES (30, 2, 13, 2, 1, NULL);
INSERT INTO bets (id, match_id, user_id, home_goals_prediction, away_goals_prediction, penalties_winner_id) VALUES (31, 2, 18, 1, 0, NULL);
INSERT INTO bets (id, match_id, user_id, home_goals_prediction, away_goals_prediction, penalties_winner_id) VALUES (32, 2, 10, 1, 1, NULL);
INSERT INTO bets (id, match_id, user_id, home_goals_prediction, away_goals_prediction, penalties_winner_id) VALUES (33, 2, 16, 1, 0, NULL);
INSERT INTO bets (id, match_id, user_id, home_goals_prediction, away_goals_prediction, penalties_winner_id) VALUES (34, 3, 3, 4, 0, NULL);
INSERT INTO bets (id, match_id, user_id, home_goals_prediction, away_goals_prediction, penalties_winner_id) VALUES (35, 3, 11, 2, 1, NULL);
INSERT INTO bets (id, match_id, user_id, home_goals_prediction, away_goals_prediction, penalties_winner_id) VALUES (36, 3, 15, 2, 0, NULL);
INSERT INTO bets (id, match_id, user_id, home_goals_prediction, away_goals_prediction, penalties_winner_id) VALUES (37, 3, 8, 2, 0, NULL);
INSERT INTO bets (id, match_id, user_id, home_goals_prediction, away_goals_prediction, penalties_winner_id) VALUES (38, 3, 6, 2, 1, NULL);
INSERT INTO bets (id, match_id, user_id, home_goals_prediction, away_goals_prediction, penalties_winner_id) VALUES (39, 3, 7, 3, 0, NULL);
INSERT INTO bets (id, match_id, user_id, home_goals_prediction, away_goals_prediction, penalties_winner_id) VALUES (40, 3, 10, 2, 0, NULL);
INSERT INTO bets (id, match_id, user_id, home_goals_prediction, away_goals_prediction, penalties_winner_id) VALUES (41, 3, 17, 2, 0, NULL);
INSERT INTO bets (id, match_id, user_id, home_goals_prediction, away_goals_prediction, penalties_winner_id) VALUES (42, 3, 18, 2, 0, NULL);
INSERT INTO bets (id, match_id, user_id, home_goals_prediction, away_goals_prediction, penalties_winner_id) VALUES (43, 3, 2, 3, 1, NULL);
INSERT INTO bets (id, match_id, user_id, home_goals_prediction, away_goals_prediction, penalties_winner_id) VALUES (44, 3, 14, 2, 0, NULL);
INSERT INTO bets (id, match_id, user_id, home_goals_prediction, away_goals_prediction, penalties_winner_id) VALUES (45, 3, 12, 2, 0, NULL);
INSERT INTO bets (id, match_id, user_id, home_goals_prediction, away_goals_prediction, penalties_winner_id) VALUES (46, 3, 13, 2, 0, NULL);
INSERT INTO bets (id, match_id, user_id, home_goals_prediction, away_goals_prediction, penalties_winner_id) VALUES (47, 3, 4, 2, 0, NULL);
INSERT INTO bets (id, match_id, user_id, home_goals_prediction, away_goals_prediction, penalties_winner_id) VALUES (48, 3, 9, 4, 1, NULL);
INSERT INTO bets (id, match_id, user_id, home_goals_prediction, away_goals_prediction, penalties_winner_id) VALUES (49, 3, 16, 2, 0, NULL);
INSERT INTO bets (id, match_id, user_id, home_goals_prediction, away_goals_prediction, penalties_winner_id) VALUES (50, 4, 12, 2, 1, NULL);
INSERT INTO bets (id, match_id, user_id, home_goals_prediction, away_goals_prediction, penalties_winner_id) VALUES (51, 4, 2, 1, 1, 8);
INSERT INTO bets (id, match_id, user_id, home_goals_prediction, away_goals_prediction, penalties_winner_id) VALUES (52, 4, 18, 1, 1, 8);
INSERT INTO bets (id, match_id, user_id, home_goals_prediction, away_goals_prediction, penalties_winner_id) VALUES (53, 4, 8, 2, 0, NULL);
INSERT INTO bets (id, match_id, user_id, home_goals_prediction, away_goals_prediction, penalties_winner_id) VALUES (54, 4, 7, 2, 2, 3);
INSERT INTO bets (id, match_id, user_id, home_goals_prediction, away_goals_prediction, penalties_winner_id) VALUES (55, 4, 14, 1, 0, NULL);
INSERT INTO bets (id, match_id, user_id, home_goals_prediction, away_goals_prediction, penalties_winner_id) VALUES (56, 4, 5, 1, 1, 3);
INSERT INTO bets (id, match_id, user_id, home_goals_prediction, away_goals_prediction, penalties_winner_id) VALUES (57, 4, 10, 0, 0, 8);
INSERT INTO bets (id, match_id, user_id, home_goals_prediction, away_goals_prediction, penalties_winner_id) VALUES (58, 4, 9, 0, 0, 8);
INSERT INTO bets (id, match_id, user_id, home_goals_prediction, away_goals_prediction, penalties_winner_id) VALUES (59, 4, 3, 1, 0, NULL);
INSERT INTO bets (id, match_id, user_id, home_goals_prediction, away_goals_prediction, penalties_winner_id) VALUES (60, 4, 11, 2, 1, NULL);
INSERT INTO bets (id, match_id, user_id, home_goals_prediction, away_goals_prediction, penalties_winner_id) VALUES (61, 4, 4, 2, 1, NULL);
INSERT INTO bets (id, match_id, user_id, home_goals_prediction, away_goals_prediction, penalties_winner_id) VALUES (62, 4, 6, 2, 1, NULL);
INSERT INTO bets (id, match_id, user_id, home_goals_prediction, away_goals_prediction, penalties_winner_id) VALUES (63, 4, 17, 1, 1, 8);
INSERT INTO bets (id, match_id, user_id, home_goals_prediction, away_goals_prediction, penalties_winner_id) VALUES (64, 4, 13, 1, 0, NULL);
INSERT INTO bets (id, match_id, user_id, home_goals_prediction, away_goals_prediction, penalties_winner_id) VALUES (65, 4, 16, 1, 0, NULL);
INSERT INTO bets (id, match_id, user_id, home_goals_prediction, away_goals_prediction, penalties_winner_id) VALUES (66, 5, 11, 2, 2, 13);
INSERT INTO bets (id, match_id, user_id, home_goals_prediction, away_goals_prediction, penalties_winner_id) VALUES (67, 5, 14, 1, 1, 7);
INSERT INTO bets (id, match_id, user_id, home_goals_prediction, away_goals_prediction, penalties_winner_id) VALUES (68, 5, 17, 2, 1, NULL);
INSERT INTO bets (id, match_id, user_id, home_goals_prediction, away_goals_prediction, penalties_winner_id) VALUES (69, 5, 4, 0, 1, NULL);
INSERT INTO bets (id, match_id, user_id, home_goals_prediction, away_goals_prediction, penalties_winner_id) VALUES (70, 5, 5, 1, 1, 7);
INSERT INTO bets (id, match_id, user_id, home_goals_prediction, away_goals_prediction, penalties_winner_id) VALUES (71, 5, 7, 2, 1, NULL);
INSERT INTO bets (id, match_id, user_id, home_goals_prediction, away_goals_prediction, penalties_winner_id) VALUES (72, 5, 14, 2, 1, NULL);
INSERT INTO bets (id, match_id, user_id, home_goals_prediction, away_goals_prediction, penalties_winner_id) VALUES (73, 5, 6, 2, 1, NULL);
INSERT INTO bets (id, match_id, user_id, home_goals_prediction, away_goals_prediction, penalties_winner_id) VALUES (74, 5, 13, 1, 1, 13);
INSERT INTO bets (id, match_id, user_id, home_goals_prediction, away_goals_prediction, penalties_winner_id) VALUES (75, 5, 12, 1, 0, NULL);
INSERT INTO bets (id, match_id, user_id, home_goals_prediction, away_goals_prediction, penalties_winner_id) VALUES (76, 5, 18, 2, 1, NULL);
INSERT INTO bets (id, match_id, user_id, home_goals_prediction, away_goals_prediction, penalties_winner_id) VALUES (77, 5, 8, 1, 0, NULL);
INSERT INTO bets (id, match_id, user_id, home_goals_prediction, away_goals_prediction, penalties_winner_id) VALUES (78, 5, 14, 2, 1, NULL);
INSERT INTO bets (id, match_id, user_id, home_goals_prediction, away_goals_prediction, penalties_winner_id) VALUES (79, 5, 10, 2, 0, NULL);
INSERT INTO bets (id, match_id, user_id, home_goals_prediction, away_goals_prediction, penalties_winner_id) VALUES (80, 5, 2, 1, 1, 7);
INSERT INTO bets (id, match_id, user_id, home_goals_prediction, away_goals_prediction, penalties_winner_id) VALUES (81, 5, 3, 2, 1, NULL);
INSERT INTO bets (id, match_id, user_id, home_goals_prediction, away_goals_prediction, penalties_winner_id) VALUES (82, 5, 15, 2, 1, NULL);
INSERT INTO bets (id, match_id, user_id, home_goals_prediction, away_goals_prediction, penalties_winner_id) VALUES (83, 5, 16, 1, 0, NULL);
INSERT INTO bets (id, match_id, user_id, home_goals_prediction, away_goals_prediction, penalties_winner_id) VALUES (84, 6, 10, 0, 3, NULL);
INSERT INTO bets (id, match_id, user_id, home_goals_prediction, away_goals_prediction, penalties_winner_id) VALUES (85, 6, 3, 2, 3, NULL);
INSERT INTO bets (id, match_id, user_id, home_goals_prediction, away_goals_prediction, penalties_winner_id) VALUES (86, 6, 6, 0, 3, NULL);
INSERT INTO bets (id, match_id, user_id, home_goals_prediction, away_goals_prediction, penalties_winner_id) VALUES (87, 6, 2, 1, 2, NULL);
INSERT INTO bets (id, match_id, user_id, home_goals_prediction, away_goals_prediction, penalties_winner_id) VALUES (88, 6, 15, 0, 3, NULL);
INSERT INTO bets (id, match_id, user_id, home_goals_prediction, away_goals_prediction, penalties_winner_id) VALUES (89, 6, 16, 0, 2, NULL);
INSERT INTO bets (id, match_id, user_id, home_goals_prediction, away_goals_prediction, penalties_winner_id) VALUES (90, 6, 4, 0, 2, NULL);
INSERT INTO bets (id, match_id, user_id, home_goals_prediction, away_goals_prediction, penalties_winner_id) VALUES (91, 6, 8, 1, 3, NULL);
INSERT INTO bets (id, match_id, user_id, home_goals_prediction, away_goals_prediction, penalties_winner_id) VALUES (92, 6, 11, 1, 3, NULL);
INSERT INTO bets (id, match_id, user_id, home_goals_prediction, away_goals_prediction, penalties_winner_id) VALUES (93, 6, 7, 2, 4, NULL);
INSERT INTO bets (id, match_id, user_id, home_goals_prediction, away_goals_prediction, penalties_winner_id) VALUES (94, 6, 9, 0, 4, NULL);
INSERT INTO bets (id, match_id, user_id, home_goals_prediction, away_goals_prediction, penalties_winner_id) VALUES (95, 6, 17, 1, 3, NULL);
INSERT INTO bets (id, match_id, user_id, home_goals_prediction, away_goals_prediction, penalties_winner_id) VALUES (96, 6, 13, 0, 4, NULL);
INSERT INTO bets (id, match_id, user_id, home_goals_prediction, away_goals_prediction, penalties_winner_id) VALUES (97, 6, 14, 1, 3, NULL);
INSERT INTO bets (id, match_id, user_id, home_goals_prediction, away_goals_prediction, penalties_winner_id) VALUES (98, 6, 18, 0, 3, NULL);
INSERT INTO bets (id, match_id, user_id, home_goals_prediction, away_goals_prediction, penalties_winner_id) VALUES (99, 6, 12, 0, 4, NULL);
INSERT INTO bets (id, match_id, user_id, home_goals_prediction, away_goals_prediction, penalties_winner_id) VALUES (100, 7, 10, 2, 2, 5);
INSERT INTO bets (id, match_id, user_id, home_goals_prediction, away_goals_prediction, penalties_winner_id) VALUES (101, 7, 9, 0, 3, NULL);
INSERT INTO bets (id, match_id, user_id, home_goals_prediction, away_goals_prediction, penalties_winner_id) VALUES (102, 7, 12, 0, 0, NULL);
INSERT INTO bets (id, match_id, user_id, home_goals_prediction, away_goals_prediction, penalties_winner_id) VALUES (103, 7, 8, 1, 0, NULL);
INSERT INTO bets (id, match_id, user_id, home_goals_prediction, away_goals_prediction, penalties_winner_id) VALUES (104, 7, 6, 2, 2, NULL);
INSERT INTO bets (id, match_id, user_id, home_goals_prediction, away_goals_prediction, penalties_winner_id) VALUES (105, 7, 11, 1, 1, NULL);
INSERT INTO bets (id, match_id, user_id, home_goals_prediction, away_goals_prediction, penalties_winner_id) VALUES (106, 7, 13, 1, 2, NULL);
INSERT INTO bets (id, match_id, user_id, home_goals_prediction, away_goals_prediction, penalties_winner_id) VALUES (107, 7, 5, 0, 2, NULL);
INSERT INTO bets (id, match_id, user_id, home_goals_prediction, away_goals_prediction, penalties_winner_id) VALUES (108, 7, 14, 1, 0, NULL);
INSERT INTO bets (id, match_id, user_id, home_goals_prediction, away_goals_prediction, penalties_winner_id) VALUES (109, 7, 18, 0, 1, NULL);
INSERT INTO bets (id, match_id, user_id, home_goals_prediction, away_goals_prediction, penalties_winner_id) VALUES (110, 7, 2, 1, 1, 9);
INSERT INTO bets (id, match_id, user_id, home_goals_prediction, away_goals_prediction, penalties_winner_id) VALUES (111, 7, 3, 1, 2, NULL);
INSERT INTO bets (id, match_id, user_id, home_goals_prediction, away_goals_prediction, penalties_winner_id) VALUES (112, 7, 7, 1, 1, NULL);
INSERT INTO bets (id, match_id, user_id, home_goals_prediction, away_goals_prediction, penalties_winner_id) VALUES (113, 7, 16, 0, 1, NULL);
INSERT INTO bets (id, match_id, user_id, home_goals_prediction, away_goals_prediction, penalties_winner_id) VALUES (114, 7, 4, 0, 1, NULL);
INSERT INTO bets (id, match_id, user_id, home_goals_prediction, away_goals_prediction, penalties_winner_id) VALUES (115, 8, 8, 0, 2, NULL);
INSERT INTO bets (id, match_id, user_id, home_goals_prediction, away_goals_prediction, penalties_winner_id) VALUES (116, 8, 18, 1, 1, NULL);
INSERT INTO bets (id, match_id, user_id, home_goals_prediction, away_goals_prediction, penalties_winner_id) VALUES (117, 8, 11, 1, 2, NULL);
INSERT INTO bets (id, match_id, user_id, home_goals_prediction, away_goals_prediction, penalties_winner_id) VALUES (118, 8, 9, 2, 0, NULL);
INSERT INTO bets (id, match_id, user_id, home_goals_prediction, away_goals_prediction, penalties_winner_id) VALUES (119, 8, 17, 2, 1, NULL);
INSERT INTO bets (id, match_id, user_id, home_goals_prediction, away_goals_prediction, penalties_winner_id) VALUES (120, 8, 15, 1, 0, NULL);
INSERT INTO bets (id, match_id, user_id, home_goals_prediction, away_goals_prediction, penalties_winner_id) VALUES (121, 8, 6, 1, 0, NULL);
INSERT INTO bets (id, match_id, user_id, home_goals_prediction, away_goals_prediction, penalties_winner_id) VALUES (122, 8, 14, 1, 2, NULL);
INSERT INTO bets (id, match_id, user_id, home_goals_prediction, away_goals_prediction, penalties_winner_id) VALUES (123, 8, 4, 2, 1, NULL);
INSERT INTO bets (id, match_id, user_id, home_goals_prediction, away_goals_prediction, penalties_winner_id) VALUES (124, 8, 12, 1, 0, NULL);
INSERT INTO bets (id, match_id, user_id, home_goals_prediction, away_goals_prediction, penalties_winner_id) VALUES (125, 8, 10, 1, 0, NULL);
INSERT INTO bets (id, match_id, user_id, home_goals_prediction, away_goals_prediction, penalties_winner_id) VALUES (126, 8, 13, 2, 1, NULL);
INSERT INTO bets (id, match_id, user_id, home_goals_prediction, away_goals_prediction, penalties_winner_id) VALUES (127, 8, 16, 1, 2, NULL);
INSERT INTO bets (id, match_id, user_id, home_goals_prediction, away_goals_prediction, penalties_winner_id) VALUES (128, 8, 2, 2, 1, NULL);
INSERT INTO bets (id, match_id, user_id, home_goals_prediction, away_goals_prediction, penalties_winner_id) VALUES (129, 8, 7, 2, 0, NULL);
INSERT INTO bets (id, match_id, user_id, home_goals_prediction, away_goals_prediction, penalties_winner_id) VALUES (130, 8, 3, 1, 1, NULL);
INSERT INTO bets (id, match_id, user_id, home_goals_prediction, away_goals_prediction, penalties_winner_id) VALUES (131, 9, 10, 2, 2, 21);
INSERT INTO bets (id, match_id, user_id, home_goals_prediction, away_goals_prediction, penalties_winner_id) VALUES (132, 9, 16, 1, 1, 21);
INSERT INTO bets (id, match_id, user_id, home_goals_prediction, away_goals_prediction, penalties_winner_id) VALUES (133, 9, 7, 2, 2, 10);
INSERT INTO bets (id, match_id, user_id, home_goals_prediction, away_goals_prediction, penalties_winner_id) VALUES (134, 9, 2, 2, 1, NULL);
INSERT INTO bets (id, match_id, user_id, home_goals_prediction, away_goals_prediction, penalties_winner_id) VALUES (135, 9, 11, 2, 2, 21);
INSERT INTO bets (id, match_id, user_id, home_goals_prediction, away_goals_prediction, penalties_winner_id) VALUES (136, 9, 14, 1, 2, NULL);
INSERT INTO bets (id, match_id, user_id, home_goals_prediction, away_goals_prediction, penalties_winner_id) VALUES (137, 9, 18, 2, 2, 21);
INSERT INTO bets (id, match_id, user_id, home_goals_prediction, away_goals_prediction, penalties_winner_id) VALUES (138, 9, 8, 2, 1, NULL);
INSERT INTO bets (id, match_id, user_id, home_goals_prediction, away_goals_prediction, penalties_winner_id) VALUES (139, 9, 6, 2, 1, NULL);
INSERT INTO bets (id, match_id, user_id, home_goals_prediction, away_goals_prediction, penalties_winner_id) VALUES (140, 9, 3, 2, 1, NULL);
INSERT INTO bets (id, match_id, user_id, home_goals_prediction, away_goals_prediction, penalties_winner_id) VALUES (141, 9, 4, 1, 1, 21);
INSERT INTO bets (id, match_id, user_id, home_goals_prediction, away_goals_prediction, penalties_winner_id) VALUES (142, 9, 15, 1, 1, 21);
INSERT INTO bets (id, match_id, user_id, home_goals_prediction, away_goals_prediction, penalties_winner_id) VALUES (143, 9, 5, 2, 1, NULL);
INSERT INTO bets (id, match_id, user_id, home_goals_prediction, away_goals_prediction, penalties_winner_id) VALUES (144, 9, 17, 2, 2, 10);
INSERT INTO bets (id, match_id, user_id, home_goals_prediction, away_goals_prediction, penalties_winner_id) VALUES (145, 9, 12, 2, 2, 10);
INSERT INTO bets (id, match_id, user_id, home_goals_prediction, away_goals_prediction, penalties_winner_id) VALUES (146, 9, 13, 1, 2, NULL);
INSERT INTO bets (id, match_id, user_id, home_goals_prediction, away_goals_prediction, penalties_winner_id) VALUES (147, 10, 17, 1, 3, NULL);
INSERT INTO bets (id, match_id, user_id, home_goals_prediction, away_goals_prediction, penalties_winner_id) VALUES (148, 10, 12, 1, 2, NULL);
INSERT INTO bets (id, match_id, user_id, home_goals_prediction, away_goals_prediction, penalties_winner_id) VALUES (149, 10, 3, 1, 2, NULL);
INSERT INTO bets (id, match_id, user_id, home_goals_prediction, away_goals_prediction, penalties_winner_id) VALUES (150, 10, 2, 2, 1, NULL);
INSERT INTO bets (id, match_id, user_id, home_goals_prediction, away_goals_prediction, penalties_winner_id) VALUES (151, 10, 4, 0, 1, NULL);
INSERT INTO bets (id, match_id, user_id, home_goals_prediction, away_goals_prediction, penalties_winner_id) VALUES (152, 10, 14, 2, 0, NULL);
INSERT INTO bets (id, match_id, user_id, home_goals_prediction, away_goals_prediction, penalties_winner_id) VALUES (153, 10, 13, 1, 3, NULL);
INSERT INTO bets (id, match_id, user_id, home_goals_prediction, away_goals_prediction, penalties_winner_id) VALUES (154, 10, 11, 1, 2, NULL);
INSERT INTO bets (id, match_id, user_id, home_goals_prediction, away_goals_prediction, penalties_winner_id) VALUES (155, 10, 8, 1, 2, NULL);
INSERT INTO bets (id, match_id, user_id, home_goals_prediction, away_goals_prediction, penalties_winner_id) VALUES (156, 10, 7, 2, 2, NULL);
INSERT INTO bets (id, match_id, user_id, home_goals_prediction, away_goals_prediction, penalties_winner_id) VALUES (157, 10, 16, 1, 2, NULL);
INSERT INTO bets (id, match_id, user_id, home_goals_prediction, away_goals_prediction, penalties_winner_id) VALUES (158, 10, 5, 1, 2, NULL);
INSERT INTO bets (id, match_id, user_id, home_goals_prediction, away_goals_prediction, penalties_winner_id) VALUES (159, 10, 9, 1, 4, NULL);
INSERT INTO bets (id, match_id, user_id, home_goals_prediction, away_goals_prediction, penalties_winner_id) VALUES (160, 10, 10, 1, 2, NULL);
INSERT INTO bets (id, match_id, user_id, home_goals_prediction, away_goals_prediction, penalties_winner_id) VALUES (161, 10, 15, 1, 2, NULL);
INSERT INTO bets (id, match_id, user_id, home_goals_prediction, away_goals_prediction, penalties_winner_id) VALUES (162, 10, 6, 1, 2, NULL);
INSERT INTO bets (id, match_id, user_id, home_goals_prediction, away_goals_prediction, penalties_winner_id) VALUES (163, 10, 18, 0, 2, NULL);
INSERT INTO bets (id, match_id, user_id, home_goals_prediction, away_goals_prediction, penalties_winner_id) VALUES (164, 11, 6, 2, 2, 23);
INSERT INTO bets (id, match_id, user_id, home_goals_prediction, away_goals_prediction, penalties_winner_id) VALUES (165, 11, 9, 1, 3, NULL);
INSERT INTO bets (id, match_id, user_id, home_goals_prediction, away_goals_prediction, penalties_winner_id) VALUES (166, 11, 2, 0, 1, NULL);
INSERT INTO bets (id, match_id, user_id, home_goals_prediction, away_goals_prediction, penalties_winner_id) VALUES (167, 11, 17, 1, 1, NULL);
INSERT INTO bets (id, match_id, user_id, home_goals_prediction, away_goals_prediction, penalties_winner_id) VALUES (168, 11, 5, 1, 1, 5);
INSERT INTO bets (id, match_id, user_id, home_goals_prediction, away_goals_prediction, penalties_winner_id) VALUES (169, 11, 12, 0, 1, NULL);
INSERT INTO bets (id, match_id, user_id, home_goals_prediction, away_goals_prediction, penalties_winner_id) VALUES (170, 11, 15, 0, 2, NULL);
INSERT INTO bets (id, match_id, user_id, home_goals_prediction, away_goals_prediction, penalties_winner_id) VALUES (171, 11, 8, 0, 2, NULL);
INSERT INTO bets (id, match_id, user_id, home_goals_prediction, away_goals_prediction, penalties_winner_id) VALUES (172, 11, 11, 1, 1, NULL);
INSERT INTO bets (id, match_id, user_id, home_goals_prediction, away_goals_prediction, penalties_winner_id) VALUES (173, 11, 3, 1, 2, NULL);
INSERT INTO bets (id, match_id, user_id, home_goals_prediction, away_goals_prediction, penalties_winner_id) VALUES (174, 11, 7, 0, 2, NULL);
INSERT INTO bets (id, match_id, user_id, home_goals_prediction, away_goals_prediction, penalties_winner_id) VALUES (175, 11, 10, 2, 0, NULL);
INSERT INTO bets (id, match_id, user_id, home_goals_prediction, away_goals_prediction, penalties_winner_id) VALUES (176, 11, 16, 1, 1, NULL);
INSERT INTO bets (id, match_id, user_id, home_goals_prediction, away_goals_prediction, penalties_winner_id) VALUES (177, 11, 18, 1, 2, NULL);
INSERT INTO bets (id, match_id, user_id, home_goals_prediction, away_goals_prediction, penalties_winner_id) VALUES (178, 11, 14, 1, 2, NULL);
INSERT INTO bets (id, match_id, user_id, home_goals_prediction, away_goals_prediction, penalties_winner_id) VALUES (179, 11, 4, 0, 0, NULL);
INSERT INTO bets (id, match_id, user_id, home_goals_prediction, away_goals_prediction, penalties_winner_id) VALUES (180, 11, 13, 0, 1, NULL);
INSERT INTO bets (id, match_id, user_id, home_goals_prediction, away_goals_prediction, penalties_winner_id) VALUES (181, 12, 17, 0, 0, NULL);
INSERT INTO bets (id, match_id, user_id, home_goals_prediction, away_goals_prediction, penalties_winner_id) VALUES (182, 12, 13, 1, 2, NULL);
INSERT INTO bets (id, match_id, user_id, home_goals_prediction, away_goals_prediction, penalties_winner_id) VALUES (183, 12, 5, 1, 2, NULL);
INSERT INTO bets (id, match_id, user_id, home_goals_prediction, away_goals_prediction, penalties_winner_id) VALUES (184, 12, 7, 0, 3, NULL);
INSERT INTO bets (id, match_id, user_id, home_goals_prediction, away_goals_prediction, penalties_winner_id) VALUES (185, 12, 3, 1, 2, NULL);
INSERT INTO bets (id, match_id, user_id, home_goals_prediction, away_goals_prediction, penalties_winner_id) VALUES (186, 12, 16, 0, 1, NULL);
INSERT INTO bets (id, match_id, user_id, home_goals_prediction, away_goals_prediction, penalties_winner_id) VALUES (187, 12, 11, 1, 2, NULL);
INSERT INTO bets (id, match_id, user_id, home_goals_prediction, away_goals_prediction, penalties_winner_id) VALUES (188, 12, 14, 1, 2, NULL);
INSERT INTO bets (id, match_id, user_id, home_goals_prediction, away_goals_prediction, penalties_winner_id) VALUES (189, 12, 12, 0, 1, NULL);
INSERT INTO bets (id, match_id, user_id, home_goals_prediction, away_goals_prediction, penalties_winner_id) VALUES (190, 12, 9, 0, 4, NULL);
INSERT INTO bets (id, match_id, user_id, home_goals_prediction, away_goals_prediction, penalties_winner_id) VALUES (191, 12, 6, 1, 2, NULL);
INSERT INTO bets (id, match_id, user_id, home_goals_prediction, away_goals_prediction, penalties_winner_id) VALUES (192, 12, 8, 0, 1, NULL);
INSERT INTO bets (id, match_id, user_id, home_goals_prediction, away_goals_prediction, penalties_winner_id) VALUES (193, 12, 15, 0, 1, NULL);
INSERT INTO bets (id, match_id, user_id, home_goals_prediction, away_goals_prediction, penalties_winner_id) VALUES (194, 12, 18, 1, 2, NULL);
INSERT INTO bets (id, match_id, user_id, home_goals_prediction, away_goals_prediction, penalties_winner_id) VALUES (195, 12, 4, 0, 1, NULL);
INSERT INTO bets (id, match_id, user_id, home_goals_prediction, away_goals_prediction, penalties_winner_id) VALUES (196, 12, 10, 1, 2, NULL);
INSERT INTO bets (id, match_id, user_id, home_goals_prediction, away_goals_prediction, penalties_winner_id) VALUES (197, 12, 2, 0, 1, NULL);
INSERT INTO bets (id, match_id, user_id, home_goals_prediction, away_goals_prediction, penalties_winner_id) VALUES (198, 13, 4, 0, 2, NULL);
INSERT INTO bets (id, match_id, user_id, home_goals_prediction, away_goals_prediction, penalties_winner_id) VALUES (199, 13, 3, 0, 2, NULL);
INSERT INTO bets (id, match_id, user_id, home_goals_prediction, away_goals_prediction, penalties_winner_id) VALUES (200, 13, 6, 0, 2, NULL);
INSERT INTO bets (id, match_id, user_id, home_goals_prediction, away_goals_prediction, penalties_winner_id) VALUES (201, 13, 15, 0, 2, NULL);
INSERT INTO bets (id, match_id, user_id, home_goals_prediction, away_goals_prediction, penalties_winner_id) VALUES (202, 13, 11, 1, 3, NULL);
INSERT INTO bets (id, match_id, user_id, home_goals_prediction, away_goals_prediction, penalties_winner_id) VALUES (203, 13, 10, 1, 1, NULL);
INSERT INTO bets (id, match_id, user_id, home_goals_prediction, away_goals_prediction, penalties_winner_id) VALUES (204, 13, 8, 0, 1, NULL);
INSERT INTO bets (id, match_id, user_id, home_goals_prediction, away_goals_prediction, penalties_winner_id) VALUES (205, 13, 7, 1, 2, NULL);
INSERT INTO bets (id, match_id, user_id, home_goals_prediction, away_goals_prediction, penalties_winner_id) VALUES (206, 13, 2, 0, 1, NULL);
INSERT INTO bets (id, match_id, user_id, home_goals_prediction, away_goals_prediction, penalties_winner_id) VALUES (207, 13, 17, 0, 2, NULL);
INSERT INTO bets (id, match_id, user_id, home_goals_prediction, away_goals_prediction, penalties_winner_id) VALUES (208, 13, 14, 0, 2, NULL);
INSERT INTO bets (id, match_id, user_id, home_goals_prediction, away_goals_prediction, penalties_winner_id) VALUES (209, 13, 16, 0, 1, NULL);
INSERT INTO bets (id, match_id, user_id, home_goals_prediction, away_goals_prediction, penalties_winner_id) VALUES (210, 13, 18, 0, 1, NULL);
INSERT INTO bets (id, match_id, user_id, home_goals_prediction, away_goals_prediction, penalties_winner_id) VALUES (211, 13, 13, 1, 2, NULL);
INSERT INTO bets (id, match_id, user_id, home_goals_prediction, away_goals_prediction, penalties_winner_id) VALUES (212, 13, 12, 0, 2, NULL);
INSERT INTO bets (id, match_id, user_id, home_goals_prediction, away_goals_prediction, penalties_winner_id) VALUES (213, 13, 9, 0, 3, NULL);
INSERT INTO bets (id, match_id, user_id, home_goals_prediction, away_goals_prediction, penalties_winner_id) VALUES (214, 14, 15, 2, 0, NULL);
INSERT INTO bets (id, match_id, user_id, home_goals_prediction, away_goals_prediction, penalties_winner_id) VALUES (215, 14, 4, 2, 1, NULL);
INSERT INTO bets (id, match_id, user_id, home_goals_prediction, away_goals_prediction, penalties_winner_id) VALUES (216, 14, 13, 3, 1, NULL);
INSERT INTO bets (id, match_id, user_id, home_goals_prediction, away_goals_prediction, penalties_winner_id) VALUES (217, 14, 16, 2, 0, NULL);
INSERT INTO bets (id, match_id, user_id, home_goals_prediction, away_goals_prediction, penalties_winner_id) VALUES (218, 14, 14, 2, 0, NULL);
INSERT INTO bets (id, match_id, user_id, home_goals_prediction, away_goals_prediction, penalties_winner_id) VALUES (219, 14, 3, 4, 0, NULL);
INSERT INTO bets (id, match_id, user_id, home_goals_prediction, away_goals_prediction, penalties_winner_id) VALUES (220, 14, 11, 3, 1, NULL);
INSERT INTO bets (id, match_id, user_id, home_goals_prediction, away_goals_prediction, penalties_winner_id) VALUES (221, 14, 7, 3, 1, NULL);
INSERT INTO bets (id, match_id, user_id, home_goals_prediction, away_goals_prediction, penalties_winner_id) VALUES (222, 14, 12, 2, 1, NULL);
INSERT INTO bets (id, match_id, user_id, home_goals_prediction, away_goals_prediction, penalties_winner_id) VALUES (223, 14, 2, 2, 0, NULL);
INSERT INTO bets (id, match_id, user_id, home_goals_prediction, away_goals_prediction, penalties_winner_id) VALUES (224, 14, 18, 2, 0, NULL);
INSERT INTO bets (id, match_id, user_id, home_goals_prediction, away_goals_prediction, penalties_winner_id) VALUES (225, 14, 6, 3, 1, NULL);
INSERT INTO bets (id, match_id, user_id, home_goals_prediction, away_goals_prediction, penalties_winner_id) VALUES (226, 14, 17, 2, 0, NULL);
INSERT INTO bets (id, match_id, user_id, home_goals_prediction, away_goals_prediction, penalties_winner_id) VALUES (227, 14, 9, 0, 0, NULL);
INSERT INTO bets (id, match_id, user_id, home_goals_prediction, away_goals_prediction, penalties_winner_id) VALUES (228, 14, 8, 2, 0, NULL);
INSERT INTO bets (id, match_id, user_id, home_goals_prediction, away_goals_prediction, penalties_winner_id) VALUES (229, 14, 10, 2, 1, NULL);
INSERT INTO bets (id, match_id, user_id, home_goals_prediction, away_goals_prediction, penalties_winner_id) VALUES (230, 15, 7, 3, 1, NULL);
INSERT INTO bets (id, match_id, user_id, home_goals_prediction, away_goals_prediction, penalties_winner_id) VALUES (231, 15, 6, 2, 0, NULL);
INSERT INTO bets (id, match_id, user_id, home_goals_prediction, away_goals_prediction, penalties_winner_id) VALUES (232, 15, 14, 2, 1, NULL);
INSERT INTO bets (id, match_id, user_id, home_goals_prediction, away_goals_prediction, penalties_winner_id) VALUES (233, 15, 12, 2, 0, NULL);
INSERT INTO bets (id, match_id, user_id, home_goals_prediction, away_goals_prediction, penalties_winner_id) VALUES (234, 15, 16, 2, 1, NULL);
INSERT INTO bets (id, match_id, user_id, home_goals_prediction, away_goals_prediction, penalties_winner_id) VALUES (235, 15, 11, 3, 0, NULL);
INSERT INTO bets (id, match_id, user_id, home_goals_prediction, away_goals_prediction, penalties_winner_id) VALUES (236, 15, 8, 2, 0, NULL);
INSERT INTO bets (id, match_id, user_id, home_goals_prediction, away_goals_prediction, penalties_winner_id) VALUES (237, 15, 5, 2, 1, NULL);
INSERT INTO bets (id, match_id, user_id, home_goals_prediction, away_goals_prediction, penalties_winner_id) VALUES (238, 15, 2, 2, 0, NULL);
INSERT INTO bets (id, match_id, user_id, home_goals_prediction, away_goals_prediction, penalties_winner_id) VALUES (239, 15, 17, 2, 0, NULL);
INSERT INTO bets (id, match_id, user_id, home_goals_prediction, away_goals_prediction, penalties_winner_id) VALUES (240, 15, 9, 4, 0, NULL);
INSERT INTO bets (id, match_id, user_id, home_goals_prediction, away_goals_prediction, penalties_winner_id) VALUES (241, 15, 10, 2, 0, NULL);
INSERT INTO bets (id, match_id, user_id, home_goals_prediction, away_goals_prediction, penalties_winner_id) VALUES (242, 15, 15, 2, 1, NULL);
INSERT INTO bets (id, match_id, user_id, home_goals_prediction, away_goals_prediction, penalties_winner_id) VALUES (243, 15, 13, 3, 1, NULL);
INSERT INTO bets (id, match_id, user_id, home_goals_prediction, away_goals_prediction, penalties_winner_id) VALUES (244, 15, 3, 2, 1, NULL);
INSERT INTO bets (id, match_id, user_id, home_goals_prediction, away_goals_prediction, penalties_winner_id) VALUES (245, 15, 18, 2, 1, NULL);
INSERT INTO bets (id, match_id, user_id, home_goals_prediction, away_goals_prediction, penalties_winner_id) VALUES (246, 15, 4, 2, 0, NULL);
INSERT INTO bets (id, match_id, user_id, home_goals_prediction, away_goals_prediction, penalties_winner_id) VALUES (247, 16, 5, 3, 1, NULL);
INSERT INTO bets (id, match_id, user_id, home_goals_prediction, away_goals_prediction, penalties_winner_id) VALUES (248, 16, 3, 2, 0, NULL);
INSERT INTO bets (id, match_id, user_id, home_goals_prediction, away_goals_prediction, penalties_winner_id) VALUES (249, 16, 15, 2, 0, NULL);
INSERT INTO bets (id, match_id, user_id, home_goals_prediction, away_goals_prediction, penalties_winner_id) VALUES (250, 16, 2, 1, 0, NULL);
INSERT INTO bets (id, match_id, user_id, home_goals_prediction, away_goals_prediction, penalties_winner_id) VALUES (251, 16, 10, 2, 1, NULL);
INSERT INTO bets (id, match_id, user_id, home_goals_prediction, away_goals_prediction, penalties_winner_id) VALUES (252, 16, 6, 2, 1, NULL);
INSERT INTO bets (id, match_id, user_id, home_goals_prediction, away_goals_prediction, penalties_winner_id) VALUES (253, 16, 12, 2, 0, NULL);
INSERT INTO bets (id, match_id, user_id, home_goals_prediction, away_goals_prediction, penalties_winner_id) VALUES (254, 16, 9, 6, 0, NULL);
INSERT INTO bets (id, match_id, user_id, home_goals_prediction, away_goals_prediction, penalties_winner_id) VALUES (255, 16, 13, 2, 1, NULL);
INSERT INTO bets (id, match_id, user_id, home_goals_prediction, away_goals_prediction, penalties_winner_id) VALUES (256, 16, 8, 2, 2, 16);
INSERT INTO bets (id, match_id, user_id, home_goals_prediction, away_goals_prediction, penalties_winner_id) VALUES (257, 16, 4, 1, 0, NULL);
INSERT INTO bets (id, match_id, user_id, home_goals_prediction, away_goals_prediction, penalties_winner_id) VALUES (258, 16, 7, 3, 2, NULL);
INSERT INTO bets (id, match_id, user_id, home_goals_prediction, away_goals_prediction, penalties_winner_id) VALUES (259, 16, 11, 3, 1, NULL);
INSERT INTO bets (id, match_id, user_id, home_goals_prediction, away_goals_prediction, penalties_winner_id) VALUES (260, 16, 16, 2, 1, NULL);
INSERT INTO bets (id, match_id, user_id, home_goals_prediction, away_goals_prediction, penalties_winner_id) VALUES (261, 16, 17, 2, 1, NULL);
INSERT INTO bets (id, match_id, user_id, home_goals_prediction, away_goals_prediction, penalties_winner_id) VALUES (262, 16, 14, 1, 0, NULL);
INSERT INTO bets (id, match_id, user_id, home_goals_prediction, away_goals_prediction, penalties_winner_id) VALUES (263, 16, 18, 2, 0, NULL);
INSERT INTO bets (id, match_id, user_id, home_goals_prediction, away_goals_prediction, penalties_winner_id) VALUES (264, 17, 5, 3, 1, NULL);
INSERT INTO bets (id, match_id, user_id, home_goals_prediction, away_goals_prediction, penalties_winner_id) VALUES (265, 17, 8, 2, 2, NULL);
INSERT INTO bets (id, match_id, user_id, home_goals_prediction, away_goals_prediction, penalties_winner_id) VALUES (266, 17, 16, 1, 0, NULL);
INSERT INTO bets (id, match_id, user_id, home_goals_prediction, away_goals_prediction, penalties_winner_id) VALUES (267, 17, 11, 2, 1, NULL);
INSERT INTO bets (id, match_id, user_id, home_goals_prediction, away_goals_prediction, penalties_winner_id) VALUES (268, 17, 3, 1, 2, NULL);
INSERT INTO bets (id, match_id, user_id, home_goals_prediction, away_goals_prediction, penalties_winner_id) VALUES (269, 17, 18, 1, 1, NULL);
INSERT INTO bets (id, match_id, user_id, home_goals_prediction, away_goals_prediction, penalties_winner_id) VALUES (270, 17, 15, 1, 1, NULL);
INSERT INTO bets (id, match_id, user_id, home_goals_prediction, away_goals_prediction, penalties_winner_id) VALUES (271, 17, 9, 2, 0, NULL);
INSERT INTO bets (id, match_id, user_id, home_goals_prediction, away_goals_prediction, penalties_winner_id) VALUES (272, 17, 6, 1, 0, NULL);
INSERT INTO bets (id, match_id, user_id, home_goals_prediction, away_goals_prediction, penalties_winner_id) VALUES (273, 17, 14, 1, 1, NULL);
INSERT INTO bets (id, match_id, user_id, home_goals_prediction, away_goals_prediction, penalties_winner_id) VALUES (274, 17, 4, 2, 1, NULL);
INSERT INTO bets (id, match_id, user_id, home_goals_prediction, away_goals_prediction, penalties_winner_id) VALUES (275, 17, 17, 1, 1, NULL);
INSERT INTO bets (id, match_id, user_id, home_goals_prediction, away_goals_prediction, penalties_winner_id) VALUES (276, 17, 10, 1, 0, NULL);
INSERT INTO bets (id, match_id, user_id, home_goals_prediction, away_goals_prediction, penalties_winner_id) VALUES (277, 17, 12, 1, 0, NULL);
INSERT INTO bets (id, match_id, user_id, home_goals_prediction, away_goals_prediction, penalties_winner_id) VALUES (278, 17, 13, 1, 0, NULL);
INSERT INTO bets (id, match_id, user_id, home_goals_prediction, away_goals_prediction, penalties_winner_id) VALUES (279, 17, 2, 1, 0, NULL);
INSERT INTO bets (id, match_id, user_id, home_goals_prediction, away_goals_prediction, penalties_winner_id) VALUES (280, 17, 7, 2, 0, NULL);
INSERT INTO bets (id, match_id, user_id, home_goals_prediction, away_goals_prediction, penalties_winner_id) VALUES (281, 18, 5, 1, 4, NULL);
INSERT INTO bets (id, match_id, user_id, home_goals_prediction, away_goals_prediction, penalties_winner_id) VALUES (282, 18, 17, 0, 2, NULL);
INSERT INTO bets (id, match_id, user_id, home_goals_prediction, away_goals_prediction, penalties_winner_id) VALUES (283, 18, 2, 0, 1, NULL);
INSERT INTO bets (id, match_id, user_id, home_goals_prediction, away_goals_prediction, penalties_winner_id) VALUES (284, 18, 13, 0, 2, NULL);
INSERT INTO bets (id, match_id, user_id, home_goals_prediction, away_goals_prediction, penalties_winner_id) VALUES (285, 18, 11, 0, 3, NULL);
INSERT INTO bets (id, match_id, user_id, home_goals_prediction, away_goals_prediction, penalties_winner_id) VALUES (286, 18, 18, 1, 2, NULL);
INSERT INTO bets (id, match_id, user_id, home_goals_prediction, away_goals_prediction, penalties_winner_id) VALUES (287, 18, 15, 0, 3, NULL);
INSERT INTO bets (id, match_id, user_id, home_goals_prediction, away_goals_prediction, penalties_winner_id) VALUES (288, 18, 14, 0, 2, NULL);
INSERT INTO bets (id, match_id, user_id, home_goals_prediction, away_goals_prediction, penalties_winner_id) VALUES (289, 18, 3, 1, 3, NULL);
INSERT INTO bets (id, match_id, user_id, home_goals_prediction, away_goals_prediction, penalties_winner_id) VALUES (290, 18, 7, 1, 4, NULL);
INSERT INTO bets (id, match_id, user_id, home_goals_prediction, away_goals_prediction, penalties_winner_id) VALUES (291, 18, 6, 0, 3, NULL);
INSERT INTO bets (id, match_id, user_id, home_goals_prediction, away_goals_prediction, penalties_winner_id) VALUES (292, 18, 9, 0, 2, NULL);
INSERT INTO bets (id, match_id, user_id, home_goals_prediction, away_goals_prediction, penalties_winner_id) VALUES (293, 18, 16, 0, 1, NULL);
INSERT INTO bets (id, match_id, user_id, home_goals_prediction, away_goals_prediction, penalties_winner_id) VALUES (294, 18, 4, 0, 1, NULL);
INSERT INTO bets (id, match_id, user_id, home_goals_prediction, away_goals_prediction, penalties_winner_id) VALUES (295, 18, 10, 0, 3, NULL);
INSERT INTO bets (id, match_id, user_id, home_goals_prediction, away_goals_prediction, penalties_winner_id) VALUES (296, 18, 8, 0, 3, NULL);
INSERT INTO bets (id, match_id, user_id, home_goals_prediction, away_goals_prediction, penalties_winner_id) VALUES (297, 18, 12, 0, 1, NULL);
INSERT INTO bets (id, match_id, user_id, home_goals_prediction, away_goals_prediction, penalties_winner_id) VALUES (298, 19, 13, 1, 1, 15);
INSERT INTO bets (id, match_id, user_id, home_goals_prediction, away_goals_prediction, penalties_winner_id) VALUES (299, 19, 16, 1, 1, 15);
INSERT INTO bets (id, match_id, user_id, home_goals_prediction, away_goals_prediction, penalties_winner_id) VALUES (300, 19, 4, 1, 1, 8);
INSERT INTO bets (id, match_id, user_id, home_goals_prediction, away_goals_prediction, penalties_winner_id) VALUES (301, 19, 14, 1, 1, 8);
INSERT INTO bets (id, match_id, user_id, home_goals_prediction, away_goals_prediction, penalties_winner_id) VALUES (302, 19, 17, 1, 1, 8);
INSERT INTO bets (id, match_id, user_id, home_goals_prediction, away_goals_prediction, penalties_winner_id) VALUES (303, 19, 15, 1, 0, NULL);
INSERT INTO bets (id, match_id, user_id, home_goals_prediction, away_goals_prediction, penalties_winner_id) VALUES (304, 19, 5, 1, 2, NULL);
INSERT INTO bets (id, match_id, user_id, home_goals_prediction, away_goals_prediction, penalties_winner_id) VALUES (305, 19, 3, 0, 0, 15);
INSERT INTO bets (id, match_id, user_id, home_goals_prediction, away_goals_prediction, penalties_winner_id) VALUES (306, 19, 8, 0, 1, NULL);
INSERT INTO bets (id, match_id, user_id, home_goals_prediction, away_goals_prediction, penalties_winner_id) VALUES (307, 19, 10, 0, 1, NULL);
INSERT INTO bets (id, match_id, user_id, home_goals_prediction, away_goals_prediction, penalties_winner_id) VALUES (308, 19, 12, 2, 1, NULL);
INSERT INTO bets (id, match_id, user_id, home_goals_prediction, away_goals_prediction, penalties_winner_id) VALUES (309, 19, 2, 0, 0, 15);
INSERT INTO bets (id, match_id, user_id, home_goals_prediction, away_goals_prediction, penalties_winner_id) VALUES (310, 19, 18, 1, 0, NULL);
INSERT INTO bets (id, match_id, user_id, home_goals_prediction, away_goals_prediction, penalties_winner_id) VALUES (311, 19, 6, 1, 1, 15);
INSERT INTO bets (id, match_id, user_id, home_goals_prediction, away_goals_prediction, penalties_winner_id) VALUES (312, 19, 7, 1, 1, 8);
INSERT INTO bets (id, match_id, user_id, home_goals_prediction, away_goals_prediction, penalties_winner_id) VALUES (313, 19, 11, 1, 1, 8);
INSERT INTO bets (id, match_id, user_id, home_goals_prediction, away_goals_prediction, penalties_winner_id) VALUES (314, 20, 15, 1, 3, NULL);
INSERT INTO bets (id, match_id, user_id, home_goals_prediction, away_goals_prediction, penalties_winner_id) VALUES (315, 20, 16, 0, 2, NULL);
INSERT INTO bets (id, match_id, user_id, home_goals_prediction, away_goals_prediction, penalties_winner_id) VALUES (316, 20, 18, 0, 3, NULL);
INSERT INTO bets (id, match_id, user_id, home_goals_prediction, away_goals_prediction, penalties_winner_id) VALUES (317, 20, 4, 0, 1, NULL);
INSERT INTO bets (id, match_id, user_id, home_goals_prediction, away_goals_prediction, penalties_winner_id) VALUES (318, 20, 3, 1, 2, NULL);
INSERT INTO bets (id, match_id, user_id, home_goals_prediction, away_goals_prediction, penalties_winner_id) VALUES (319, 20, 9, 1, 1, NULL);
INSERT INTO bets (id, match_id, user_id, home_goals_prediction, away_goals_prediction, penalties_winner_id) VALUES (320, 20, 17, 1, 1, NULL);
INSERT INTO bets (id, match_id, user_id, home_goals_prediction, away_goals_prediction, penalties_winner_id) VALUES (321, 20, 12, 0, 2, NULL);
INSERT INTO bets (id, match_id, user_id, home_goals_prediction, away_goals_prediction, penalties_winner_id) VALUES (322, 20, 11, 1, 2, NULL);
INSERT INTO bets (id, match_id, user_id, home_goals_prediction, away_goals_prediction, penalties_winner_id) VALUES (323, 20, 7, 2, 1, NULL);
INSERT INTO bets (id, match_id, user_id, home_goals_prediction, away_goals_prediction, penalties_winner_id) VALUES (324, 20, 2, 0, 1, NULL);
INSERT INTO bets (id, match_id, user_id, home_goals_prediction, away_goals_prediction, penalties_winner_id) VALUES (325, 20, 14, 1, 1, NULL);
INSERT INTO bets (id, match_id, user_id, home_goals_prediction, away_goals_prediction, penalties_winner_id) VALUES (326, 20, 10, 0, 2, NULL);
INSERT INTO bets (id, match_id, user_id, home_goals_prediction, away_goals_prediction, penalties_winner_id) VALUES (327, 20, 13, 1, 2, NULL);
INSERT INTO bets (id, match_id, user_id, home_goals_prediction, away_goals_prediction, penalties_winner_id) VALUES (328, 20, 8, 0, 2, NULL);
INSERT INTO bets (id, match_id, user_id, home_goals_prediction, away_goals_prediction, penalties_winner_id) VALUES (329, 20, 6, 1, 2, NULL);
INSERT INTO bets (id, match_id, user_id, home_goals_prediction, away_goals_prediction, penalties_winner_id) VALUES (330, 21, 18, 0, 1, NULL);
INSERT INTO bets (id, match_id, user_id, home_goals_prediction, away_goals_prediction, penalties_winner_id) VALUES (331, 21, 3, 2, 2, NULL);
INSERT INTO bets (id, match_id, user_id, home_goals_prediction, away_goals_prediction, penalties_winner_id) VALUES (332, 21, 13, 0, 2, NULL);
INSERT INTO bets (id, match_id, user_id, home_goals_prediction, away_goals_prediction, penalties_winner_id) VALUES (333, 21, 8, 0, 1, NULL);
INSERT INTO bets (id, match_id, user_id, home_goals_prediction, away_goals_prediction, penalties_winner_id) VALUES (334, 21, 14, 0, 2, NULL);
INSERT INTO bets (id, match_id, user_id, home_goals_prediction, away_goals_prediction, penalties_winner_id) VALUES (335, 21, 17, 0, 0, 19);
INSERT INTO bets (id, match_id, user_id, home_goals_prediction, away_goals_prediction, penalties_winner_id) VALUES (336, 21, 6, 1, 1, NULL);
INSERT INTO bets (id, match_id, user_id, home_goals_prediction, away_goals_prediction, penalties_winner_id) VALUES (337, 21, 15, 1, 1, NULL);
INSERT INTO bets (id, match_id, user_id, home_goals_prediction, away_goals_prediction, penalties_winner_id) VALUES (338, 21, 5, 1, 3, NULL);
INSERT INTO bets (id, match_id, user_id, home_goals_prediction, away_goals_prediction, penalties_winner_id) VALUES (339, 21, 16, 1, 1, NULL);
INSERT INTO bets (id, match_id, user_id, home_goals_prediction, away_goals_prediction, penalties_winner_id) VALUES (340, 21, 11, 1, 1, NULL);
INSERT INTO bets (id, match_id, user_id, home_goals_prediction, away_goals_prediction, penalties_winner_id) VALUES (341, 21, 4, 0, 0, NULL);
INSERT INTO bets (id, match_id, user_id, home_goals_prediction, away_goals_prediction, penalties_winner_id) VALUES (342, 21, 2, 0, 0, 19);
INSERT INTO bets (id, match_id, user_id, home_goals_prediction, away_goals_prediction, penalties_winner_id) VALUES (343, 21, 9, 0, 0, NULL);
INSERT INTO bets (id, match_id, user_id, home_goals_prediction, away_goals_prediction, penalties_winner_id) VALUES (344, 21, 7, 1, 2, NULL);
INSERT INTO bets (id, match_id, user_id, home_goals_prediction, away_goals_prediction, penalties_winner_id) VALUES (345, 21, 10, 1, 0, NULL);
INSERT INTO bets (id, match_id, user_id, home_goals_prediction, away_goals_prediction, penalties_winner_id) VALUES (346, 21, 12, 1, 1, NULL);
INSERT INTO bets (id, match_id, user_id, home_goals_prediction, away_goals_prediction, penalties_winner_id) VALUES (347, 22, 12, 1, 1, 12);
INSERT INTO bets (id, match_id, user_id, home_goals_prediction, away_goals_prediction, penalties_winner_id) VALUES (348, 22, 14, 1, 1, 22);
INSERT INTO bets (id, match_id, user_id, home_goals_prediction, away_goals_prediction, penalties_winner_id) VALUES (349, 22, 9, 1, 1, 22);
INSERT INTO bets (id, match_id, user_id, home_goals_prediction, away_goals_prediction, penalties_winner_id) VALUES (350, 22, 4, 1, 2, NULL);
INSERT INTO bets (id, match_id, user_id, home_goals_prediction, away_goals_prediction, penalties_winner_id) VALUES (351, 22, 15, 0, 1, NULL);
INSERT INTO bets (id, match_id, user_id, home_goals_prediction, away_goals_prediction, penalties_winner_id) VALUES (352, 22, 17, 1, 1, 12);
INSERT INTO bets (id, match_id, user_id, home_goals_prediction, away_goals_prediction, penalties_winner_id) VALUES (353, 22, 3, 1, 1, 12);
INSERT INTO bets (id, match_id, user_id, home_goals_prediction, away_goals_prediction, penalties_winner_id) VALUES (354, 22, 18, 1, 2, NULL);
INSERT INTO bets (id, match_id, user_id, home_goals_prediction, away_goals_prediction, penalties_winner_id) VALUES (355, 22, 7, 2, 1, NULL);
INSERT INTO bets (id, match_id, user_id, home_goals_prediction, away_goals_prediction, penalties_winner_id) VALUES (356, 22, 16, 1, 1, 12);
INSERT INTO bets (id, match_id, user_id, home_goals_prediction, away_goals_prediction, penalties_winner_id) VALUES (357, 22, 6, 1, 1, 22);
INSERT INTO bets (id, match_id, user_id, home_goals_prediction, away_goals_prediction, penalties_winner_id) VALUES (358, 22, 8, 0, 1, NULL);
INSERT INTO bets (id, match_id, user_id, home_goals_prediction, away_goals_prediction, penalties_winner_id) VALUES (359, 22, 10, 1, 1, 12);
INSERT INTO bets (id, match_id, user_id, home_goals_prediction, away_goals_prediction, penalties_winner_id) VALUES (360, 22, 13, 1, 1, 22);
INSERT INTO bets (id, match_id, user_id, home_goals_prediction, away_goals_prediction, penalties_winner_id) VALUES (361, 22, 11, 1, 2, NULL);
INSERT INTO bets (id, match_id, user_id, home_goals_prediction, away_goals_prediction, penalties_winner_id) VALUES (362, 23, 4, 0, 1, NULL);
INSERT INTO bets (id, match_id, user_id, home_goals_prediction, away_goals_prediction, penalties_winner_id) VALUES (363, 23, 11, 2, 1, NULL);
INSERT INTO bets (id, match_id, user_id, home_goals_prediction, away_goals_prediction, penalties_winner_id) VALUES (364, 23, 8, 1, 1, 13);
INSERT INTO bets (id, match_id, user_id, home_goals_prediction, away_goals_prediction, penalties_winner_id) VALUES (365, 23, 6, 3, 1, NULL);
INSERT INTO bets (id, match_id, user_id, home_goals_prediction, away_goals_prediction, penalties_winner_id) VALUES (366, 23, 5, 2, 2, 13);
INSERT INTO bets (id, match_id, user_id, home_goals_prediction, away_goals_prediction, penalties_winner_id) VALUES (367, 23, 3, 1, 2, NULL);
INSERT INTO bets (id, match_id, user_id, home_goals_prediction, away_goals_prediction, penalties_winner_id) VALUES (368, 23, 16, 2, 0, NULL);
INSERT INTO bets (id, match_id, user_id, home_goals_prediction, away_goals_prediction, penalties_winner_id) VALUES (369, 23, 12, 2, 0, NULL);
INSERT INTO bets (id, match_id, user_id, home_goals_prediction, away_goals_prediction, penalties_winner_id) VALUES (370, 23, 14, 0, 1, NULL);
INSERT INTO bets (id, match_id, user_id, home_goals_prediction, away_goals_prediction, penalties_winner_id) VALUES (371, 23, 13, 2, 0, NULL);
INSERT INTO bets (id, match_id, user_id, home_goals_prediction, away_goals_prediction, penalties_winner_id) VALUES (372, 23, 2, 0, 1, NULL);
INSERT INTO bets (id, match_id, user_id, home_goals_prediction, away_goals_prediction, penalties_winner_id) VALUES (373, 23, 18, 2, 1, NULL);
INSERT INTO bets (id, match_id, user_id, home_goals_prediction, away_goals_prediction, penalties_winner_id) VALUES (374, 23, 15, 2, 0, NULL);
INSERT INTO bets (id, match_id, user_id, home_goals_prediction, away_goals_prediction, penalties_winner_id) VALUES (375, 23, 7, 1, 2, NULL);
INSERT INTO bets (id, match_id, user_id, home_goals_prediction, away_goals_prediction, penalties_winner_id) VALUES (376, 23, 17, 2, 1, NULL);
INSERT INTO bets (id, match_id, user_id, home_goals_prediction, away_goals_prediction, penalties_winner_id) VALUES (377, 23, 10, 2, 1, NULL);
INSERT INTO bets (id, match_id, user_id, home_goals_prediction, away_goals_prediction, penalties_winner_id) VALUES (378, 24, 5, 2, 0, NULL);
INSERT INTO bets (id, match_id, user_id, home_goals_prediction, away_goals_prediction, penalties_winner_id) VALUES (379, 24, 17, 2, 1, NULL);
INSERT INTO bets (id, match_id, user_id, home_goals_prediction, away_goals_prediction, penalties_winner_id) VALUES (380, 24, 18, 2, 1, NULL);
INSERT INTO bets (id, match_id, user_id, home_goals_prediction, away_goals_prediction, penalties_winner_id) VALUES (381, 24, 7, 1, 1, 10);
INSERT INTO bets (id, match_id, user_id, home_goals_prediction, away_goals_prediction, penalties_winner_id) VALUES (382, 24, 5, 2, 1, NULL);
INSERT INTO bets (id, match_id, user_id, home_goals_prediction, away_goals_prediction, penalties_winner_id) VALUES (383, 24, 4, 1, 0, NULL);
INSERT INTO bets (id, match_id, user_id, home_goals_prediction, away_goals_prediction, penalties_winner_id) VALUES (384, 24, 8, 2, 0, NULL);
INSERT INTO bets (id, match_id, user_id, home_goals_prediction, away_goals_prediction, penalties_winner_id) VALUES (385, 24, 12, 1, 0, NULL);
INSERT INTO bets (id, match_id, user_id, home_goals_prediction, away_goals_prediction, penalties_winner_id) VALUES (386, 24, 11, 2, 1, NULL);
INSERT INTO bets (id, match_id, user_id, home_goals_prediction, away_goals_prediction, penalties_winner_id) VALUES (387, 24, 15, 2, 0, NULL);
INSERT INTO bets (id, match_id, user_id, home_goals_prediction, away_goals_prediction, penalties_winner_id) VALUES (388, 24, 16, 2, 0, NULL);
INSERT INTO bets (id, match_id, user_id, home_goals_prediction, away_goals_prediction, penalties_winner_id) VALUES (389, 24, 2, 2, 0, NULL);
INSERT INTO bets (id, match_id, user_id, home_goals_prediction, away_goals_prediction, penalties_winner_id) VALUES (390, 24, 3, 2, 0, NULL);
INSERT INTO bets (id, match_id, user_id, home_goals_prediction, away_goals_prediction, penalties_winner_id) VALUES (391, 24, 10, 2, 0, NULL);
INSERT INTO bets (id, match_id, user_id, home_goals_prediction, away_goals_prediction, penalties_winner_id) VALUES (392, 24, 9, 2, 0, NULL);
INSERT INTO bets (id, match_id, user_id, home_goals_prediction, away_goals_prediction, penalties_winner_id) VALUES (393, 24, 6, 2, 0, NULL);
INSERT INTO bets (id, match_id, user_id, home_goals_prediction, away_goals_prediction, penalties_winner_id) VALUES (394, 24, 13, 2, 0, NULL);
INSERT INTO bets (id, match_id, user_id, home_goals_prediction, away_goals_prediction, penalties_winner_id) VALUES (395, 24, 14, 2, 0, NULL);
INSERT INTO bets (id, match_id, user_id, home_goals_prediction, away_goals_prediction, penalties_winner_id) VALUES (396, 25, 4, 3, 1, NULL);
INSERT INTO bets (id, match_id, user_id, home_goals_prediction, away_goals_prediction, penalties_winner_id) VALUES (397, 25, 15, 2, 1, NULL);
INSERT INTO bets (id, match_id, user_id, home_goals_prediction, away_goals_prediction, penalties_winner_id) VALUES (398, 25, 12, 3, 1, NULL);
INSERT INTO bets (id, match_id, user_id, home_goals_prediction, away_goals_prediction, penalties_winner_id) VALUES (399, 25, 17, 2, 0, NULL);
INSERT INTO bets (id, match_id, user_id, home_goals_prediction, away_goals_prediction, penalties_winner_id) VALUES (400, 25, 3, 2, 0, NULL);
INSERT INTO bets (id, match_id, user_id, home_goals_prediction, away_goals_prediction, penalties_winner_id) VALUES (401, 25, 9, 3, 1, NULL);
INSERT INTO bets (id, match_id, user_id, home_goals_prediction, away_goals_prediction, penalties_winner_id) VALUES (402, 25, 6, 2, 0, NULL);
INSERT INTO bets (id, match_id, user_id, home_goals_prediction, away_goals_prediction, penalties_winner_id) VALUES (403, 25, 7, 2, 0, NULL);
INSERT INTO bets (id, match_id, user_id, home_goals_prediction, away_goals_prediction, penalties_winner_id) VALUES (404, 25, 8, 3, 0, NULL);
INSERT INTO bets (id, match_id, user_id, home_goals_prediction, away_goals_prediction, penalties_winner_id) VALUES (405, 25, 10, 3, 2, NULL);
INSERT INTO bets (id, match_id, user_id, home_goals_prediction, away_goals_prediction, penalties_winner_id) VALUES (406, 25, 13, 3, 0, NULL);
INSERT INTO bets (id, match_id, user_id, home_goals_prediction, away_goals_prediction, penalties_winner_id) VALUES (407, 25, 16, 2, 0, NULL);
INSERT INTO bets (id, match_id, user_id, home_goals_prediction, away_goals_prediction, penalties_winner_id) VALUES (408, 25, 1, 0, 1, NULL);
INSERT INTO bets (id, match_id, user_id, home_goals_prediction, away_goals_prediction, penalties_winner_id) VALUES (409, 25, 2, 1, 0, NULL);
INSERT INTO bets (id, match_id, user_id, home_goals_prediction, away_goals_prediction, penalties_winner_id) VALUES (410, 25, 18, 2, 1, NULL);
INSERT INTO bets (id, match_id, user_id, home_goals_prediction, away_goals_prediction, penalties_winner_id) VALUES (411, 25, 11, 2, 1, NULL);
INSERT INTO bets (id, match_id, user_id, home_goals_prediction, away_goals_prediction, penalties_winner_id) VALUES (412, 26, 3, 3, 2, NULL);
INSERT INTO bets (id, match_id, user_id, home_goals_prediction, away_goals_prediction, penalties_winner_id) VALUES (413, 26, 12, 1, 0, NULL);
INSERT INTO bets (id, match_id, user_id, home_goals_prediction, away_goals_prediction, penalties_winner_id) VALUES (414, 26, 10, 2, 1, NULL);
INSERT INTO bets (id, match_id, user_id, home_goals_prediction, away_goals_prediction, penalties_winner_id) VALUES (415, 26, 13, 1, 1, 23);
INSERT INTO bets (id, match_id, user_id, home_goals_prediction, away_goals_prediction, penalties_winner_id) VALUES (416, 26, 4, 1, 1, 23);
INSERT INTO bets (id, match_id, user_id, home_goals_prediction, away_goals_prediction, penalties_winner_id) VALUES (417, 26, 5, 2, 2, 2);
INSERT INTO bets (id, match_id, user_id, home_goals_prediction, away_goals_prediction, penalties_winner_id) VALUES (418, 26, 8, 1, 2, NULL);
INSERT INTO bets (id, match_id, user_id, home_goals_prediction, away_goals_prediction, penalties_winner_id) VALUES (419, 26, 17, 2, 2, 2);
INSERT INTO bets (id, match_id, user_id, home_goals_prediction, away_goals_prediction, penalties_winner_id) VALUES (420, 26, 9, 3, 1, NULL);
INSERT INTO bets (id, match_id, user_id, home_goals_prediction, away_goals_prediction, penalties_winner_id) VALUES (421, 26, 16, 2, 1, NULL);
INSERT INTO bets (id, match_id, user_id, home_goals_prediction, away_goals_prediction, penalties_winner_id) VALUES (422, 26, 18, 1, 1, 2);
INSERT INTO bets (id, match_id, user_id, home_goals_prediction, away_goals_prediction, penalties_winner_id) VALUES (423, 26, 7, 2, 0, NULL);
INSERT INTO bets (id, match_id, user_id, home_goals_prediction, away_goals_prediction, penalties_winner_id) VALUES (424, 26, 14, 1, 1, 23);
INSERT INTO bets (id, match_id, user_id, home_goals_prediction, away_goals_prediction, penalties_winner_id) VALUES (425, 26, 6, 2, 1, NULL);
INSERT INTO bets (id, match_id, user_id, home_goals_prediction, away_goals_prediction, penalties_winner_id) VALUES (426, 26, 11, 2, 1, NULL);
INSERT INTO bets (id, match_id, user_id, home_goals_prediction, away_goals_prediction, penalties_winner_id) VALUES (427, 26, 15, 1, 0, NULL);
INSERT INTO bets (id, match_id, user_id, home_goals_prediction, away_goals_prediction, penalties_winner_id) VALUES (428, 26, 2, 2, 1, NULL);
INSERT INTO bets (id, match_id, user_id, home_goals_prediction, away_goals_prediction, penalties_winner_id) VALUES (429, 27, 14, 1, 0, NULL);
INSERT INTO bets (id, match_id, user_id, home_goals_prediction, away_goals_prediction, penalties_winner_id) VALUES (430, 27, 16, 2, 1, NULL);
INSERT INTO bets (id, match_id, user_id, home_goals_prediction, away_goals_prediction, penalties_winner_id) VALUES (431, 27, 8, 2, 0, NULL);
INSERT INTO bets (id, match_id, user_id, home_goals_prediction, away_goals_prediction, penalties_winner_id) VALUES (432, 27, 13, 2, 0, NULL);
INSERT INTO bets (id, match_id, user_id, home_goals_prediction, away_goals_prediction, penalties_winner_id) VALUES (433, 27, 4, 1, 1, NULL);
INSERT INTO bets (id, match_id, user_id, home_goals_prediction, away_goals_prediction, penalties_winner_id) VALUES (434, 27, 9, 2, 0, NULL);
INSERT INTO bets (id, match_id, user_id, home_goals_prediction, away_goals_prediction, penalties_winner_id) VALUES (435, 27, 17, 2, 0, NULL);
INSERT INTO bets (id, match_id, user_id, home_goals_prediction, away_goals_prediction, penalties_winner_id) VALUES (436, 27, 10, 1, 0, NULL);
INSERT INTO bets (id, match_id, user_id, home_goals_prediction, away_goals_prediction, penalties_winner_id) VALUES (437, 27, 2, 2, 0, NULL);
INSERT INTO bets (id, match_id, user_id, home_goals_prediction, away_goals_prediction, penalties_winner_id) VALUES (438, 27, 15, 2, 1, NULL);
INSERT INTO bets (id, match_id, user_id, home_goals_prediction, away_goals_prediction, penalties_winner_id) VALUES (439, 27, 6, 2, 1, NULL);
INSERT INTO bets (id, match_id, user_id, home_goals_prediction, away_goals_prediction, penalties_winner_id) VALUES (440, 27, 3, 2, 1, NULL);
INSERT INTO bets (id, match_id, user_id, home_goals_prediction, away_goals_prediction, penalties_winner_id) VALUES (441, 27, 18, 0, 0, NULL);
INSERT INTO bets (id, match_id, user_id, home_goals_prediction, away_goals_prediction, penalties_winner_id) VALUES (442, 27, 11, 1, 2, NULL);
INSERT INTO bets (id, match_id, user_id, home_goals_prediction, away_goals_prediction, penalties_winner_id) VALUES (443, 27, 7, 3, 1, NULL);
INSERT INTO bets (id, match_id, user_id, home_goals_prediction, away_goals_prediction, penalties_winner_id) VALUES (444, 27, 12, 1, 1, NULL);
INSERT INTO bets (id, match_id, user_id, home_goals_prediction, away_goals_prediction, penalties_winner_id) VALUES (445, 28, 18, 2, 1, NULL);
INSERT INTO bets (id, match_id, user_id, home_goals_prediction, away_goals_prediction, penalties_winner_id) VALUES (446, 28, 14, 2, 1, NULL);
INSERT INTO bets (id, match_id, user_id, home_goals_prediction, away_goals_prediction, penalties_winner_id) VALUES (447, 28, 12, 2, 1, NULL);
INSERT INTO bets (id, match_id, user_id, home_goals_prediction, away_goals_prediction, penalties_winner_id) VALUES (448, 28, 2, 1, 1, 17);
INSERT INTO bets (id, match_id, user_id, home_goals_prediction, away_goals_prediction, penalties_winner_id) VALUES (449, 28, 5, 2, 3, NULL);
INSERT INTO bets (id, match_id, user_id, home_goals_prediction, away_goals_prediction, penalties_winner_id) VALUES (450, 28, 10, 0, 1, NULL);
INSERT INTO bets (id, match_id, user_id, home_goals_prediction, away_goals_prediction, penalties_winner_id) VALUES (451, 28, 4, 1, 0, NULL);
INSERT INTO bets (id, match_id, user_id, home_goals_prediction, away_goals_prediction, penalties_winner_id) VALUES (452, 28, 15, 0, 1, NULL);
INSERT INTO bets (id, match_id, user_id, home_goals_prediction, away_goals_prediction, penalties_winner_id) VALUES (453, 28, 13, 2, 1, NULL);
INSERT INTO bets (id, match_id, user_id, home_goals_prediction, away_goals_prediction, penalties_winner_id) VALUES (454, 28, 7, 0, 1, NULL);
INSERT INTO bets (id, match_id, user_id, home_goals_prediction, away_goals_prediction, penalties_winner_id) VALUES (455, 28, 17, 1, 1, NULL);
INSERT INTO bets (id, match_id, user_id, home_goals_prediction, away_goals_prediction, penalties_winner_id) VALUES (456, 28, 8, 1, 1, NULL);
INSERT INTO bets (id, match_id, user_id, home_goals_prediction, away_goals_prediction, penalties_winner_id) VALUES (457, 28, 11, 2, 1, NULL);
INSERT INTO bets (id, match_id, user_id, home_goals_prediction, away_goals_prediction, penalties_winner_id) VALUES (458, 28, 16, 1, 0, NULL);
INSERT INTO bets (id, match_id, user_id, home_goals_prediction, away_goals_prediction, penalties_winner_id) VALUES (459, 28, 3, 2, 1, NULL);
INSERT INTO bets (id, match_id, user_id, home_goals_prediction, away_goals_prediction, penalties_winner_id) VALUES (460, 28, 9, 0, 0, NULL);
INSERT INTO bets (id, match_id, user_id, home_goals_prediction, away_goals_prediction, penalties_winner_id) VALUES (461, 28, 6, 0, 1, NULL);
INSERT INTO bets (id, match_id, user_id, home_goals_prediction, away_goals_prediction, penalties_winner_id) VALUES (462, 29, 16, 0, 3, NULL);
INSERT INTO bets (id, match_id, user_id, home_goals_prediction, away_goals_prediction, penalties_winner_id) VALUES (463, 29, 10, 0, 3, NULL);
INSERT INTO bets (id, match_id, user_id, home_goals_prediction, away_goals_prediction, penalties_winner_id) VALUES (464, 29, 2, 1, 3, NULL);
INSERT INTO bets (id, match_id, user_id, home_goals_prediction, away_goals_prediction, penalties_winner_id) VALUES (465, 29, 18, 0, 2, NULL);
INSERT INTO bets (id, match_id, user_id, home_goals_prediction, away_goals_prediction, penalties_winner_id) VALUES (466, 29, 11, 1, 3, NULL);
INSERT INTO bets (id, match_id, user_id, home_goals_prediction, away_goals_prediction, penalties_winner_id) VALUES (467, 29, 15, 0, 3, NULL);
INSERT INTO bets (id, match_id, user_id, home_goals_prediction, away_goals_prediction, penalties_winner_id) VALUES (468, 29, 3, 0, 2, NULL);
INSERT INTO bets (id, match_id, user_id, home_goals_prediction, away_goals_prediction, penalties_winner_id) VALUES (469, 29, 8, 0, 2, NULL);
INSERT INTO bets (id, match_id, user_id, home_goals_prediction, away_goals_prediction, penalties_winner_id) VALUES (470, 29, 12, 1, 4, NULL);
INSERT INTO bets (id, match_id, user_id, home_goals_prediction, away_goals_prediction, penalties_winner_id) VALUES (471, 29, 9, 0, 3, NULL);
INSERT INTO bets (id, match_id, user_id, home_goals_prediction, away_goals_prediction, penalties_winner_id) VALUES (472, 29, 14, 2, 1, NULL);
INSERT INTO bets (id, match_id, user_id, home_goals_prediction, away_goals_prediction, penalties_winner_id) VALUES (473, 29, 17, 1, 3, NULL);
INSERT INTO bets (id, match_id, user_id, home_goals_prediction, away_goals_prediction, penalties_winner_id) VALUES (474, 29, 4, 1, 2, NULL);
INSERT INTO bets (id, match_id, user_id, home_goals_prediction, away_goals_prediction, penalties_winner_id) VALUES (475, 29, 6, 0, 3, NULL);
INSERT INTO bets (id, match_id, user_id, home_goals_prediction, away_goals_prediction, penalties_winner_id) VALUES (476, 29, 7, 0, 0, NULL);
INSERT INTO bets (id, match_id, user_id, home_goals_prediction, away_goals_prediction, penalties_winner_id) VALUES (477, 29, 13, 1, 3, NULL);
INSERT INTO bets (id, match_id, user_id, home_goals_prediction, away_goals_prediction, penalties_winner_id) VALUES (478, 30, 14, 1, 0, NULL);
INSERT INTO bets (id, match_id, user_id, home_goals_prediction, away_goals_prediction, penalties_winner_id) VALUES (479, 30, 9, 0, 1, NULL);
INSERT INTO bets (id, match_id, user_id, home_goals_prediction, away_goals_prediction, penalties_winner_id) VALUES (480, 30, 3, 1, 2, NULL);
INSERT INTO bets (id, match_id, user_id, home_goals_prediction, away_goals_prediction, penalties_winner_id) VALUES (481, 30, 4, 0, 1, NULL);
INSERT INTO bets (id, match_id, user_id, home_goals_prediction, away_goals_prediction, penalties_winner_id) VALUES (482, 30, 16, 1, 1, NULL);
INSERT INTO bets (id, match_id, user_id, home_goals_prediction, away_goals_prediction, penalties_winner_id) VALUES (483, 30, 17, 2, 2, NULL);
INSERT INTO bets (id, match_id, user_id, home_goals_prediction, away_goals_prediction, penalties_winner_id) VALUES (484, 30, 11, 1, 1, NULL);
INSERT INTO bets (id, match_id, user_id, home_goals_prediction, away_goals_prediction, penalties_winner_id) VALUES (485, 30, 2, 1, 2, NULL);
INSERT INTO bets (id, match_id, user_id, home_goals_prediction, away_goals_prediction, penalties_winner_id) VALUES (486, 30, 10, 2, 2, NULL);
INSERT INTO bets (id, match_id, user_id, home_goals_prediction, away_goals_prediction, penalties_winner_id) VALUES (487, 30, 12, 1, 2, NULL);
INSERT INTO bets (id, match_id, user_id, home_goals_prediction, away_goals_prediction, penalties_winner_id) VALUES (488, 30, 6, 1, 2, NULL);
INSERT INTO bets (id, match_id, user_id, home_goals_prediction, away_goals_prediction, penalties_winner_id) VALUES (489, 30, 13, 1, 1, NULL);
INSERT INTO bets (id, match_id, user_id, home_goals_prediction, away_goals_prediction, penalties_winner_id) VALUES (490, 30, 7, 2, 1, NULL);
INSERT INTO bets (id, match_id, user_id, home_goals_prediction, away_goals_prediction, penalties_winner_id) VALUES (491, 30, 18, 0, 2, NULL);
INSERT INTO bets (id, match_id, user_id, home_goals_prediction, away_goals_prediction, penalties_winner_id) VALUES (492, 30, 15, 1, 1, NULL);
INSERT INTO bets (id, match_id, user_id, home_goals_prediction, away_goals_prediction, penalties_winner_id) VALUES (493, 30, 8, 0, 1, NULL);
INSERT INTO bets (id, match_id, user_id, home_goals_prediction, away_goals_prediction, penalties_winner_id) VALUES (494, 31, 13, 0, 2, NULL);
INSERT INTO bets (id, match_id, user_id, home_goals_prediction, away_goals_prediction, penalties_winner_id) VALUES (495, 31, 4, 0, 1, NULL);
INSERT INTO bets (id, match_id, user_id, home_goals_prediction, away_goals_prediction, penalties_winner_id) VALUES (496, 31, 7, 2, 1, NULL);
INSERT INTO bets (id, match_id, user_id, home_goals_prediction, away_goals_prediction, penalties_winner_id) VALUES (497, 31, 17, 1, 2, NULL);
INSERT INTO bets (id, match_id, user_id, home_goals_prediction, away_goals_prediction, penalties_winner_id) VALUES (498, 31, 14, 0, 2, NULL);
INSERT INTO bets (id, match_id, user_id, home_goals_prediction, away_goals_prediction, penalties_winner_id) VALUES (499, 31, 11, 1, 2, NULL);
INSERT INTO bets (id, match_id, user_id, home_goals_prediction, away_goals_prediction, penalties_winner_id) VALUES (500, 31, 8, 1, 1, 13);
INSERT INTO bets (id, match_id, user_id, home_goals_prediction, away_goals_prediction, penalties_winner_id) VALUES (501, 31, 10, 2, 0, NULL);
INSERT INTO bets (id, match_id, user_id, home_goals_prediction, away_goals_prediction, penalties_winner_id) VALUES (502, 31, 15, 0, 1, NULL);
INSERT INTO bets (id, match_id, user_id, home_goals_prediction, away_goals_prediction, penalties_winner_id) VALUES (503, 31, 2, 0, 1, NULL);
INSERT INTO bets (id, match_id, user_id, home_goals_prediction, away_goals_prediction, penalties_winner_id) VALUES (504, 31, 12, 1, 1, 13);
INSERT INTO bets (id, match_id, user_id, home_goals_prediction, away_goals_prediction, penalties_winner_id) VALUES (505, 31, 5, 2, 2, 13);
INSERT INTO bets (id, match_id, user_id, home_goals_prediction, away_goals_prediction, penalties_winner_id) VALUES (506, 31, 9, 0, 2, NULL);
INSERT INTO bets (id, match_id, user_id, home_goals_prediction, away_goals_prediction, penalties_winner_id) VALUES (507, 31, 3, 1, 2, NULL);
INSERT INTO bets (id, match_id, user_id, home_goals_prediction, away_goals_prediction, penalties_winner_id) VALUES (508, 31, 6, 0, 1, NULL);
INSERT INTO bets (id, match_id, user_id, home_goals_prediction, away_goals_prediction, penalties_winner_id) VALUES (509, 31, 18, 1, 2, NULL);
INSERT INTO bets (id, match_id, user_id, home_goals_prediction, away_goals_prediction, penalties_winner_id) VALUES (510, 32, 13, 2, 0, NULL);
INSERT INTO bets (id, match_id, user_id, home_goals_prediction, away_goals_prediction, penalties_winner_id) VALUES (511, 32, 8, 2, 0, NULL);
INSERT INTO bets (id, match_id, user_id, home_goals_prediction, away_goals_prediction, penalties_winner_id) VALUES (512, 32, 4, 1, 0, NULL);
INSERT INTO bets (id, match_id, user_id, home_goals_prediction, away_goals_prediction, penalties_winner_id) VALUES (513, 32, 7, 1, 2, NULL);
INSERT INTO bets (id, match_id, user_id, home_goals_prediction, away_goals_prediction, penalties_winner_id) VALUES (514, 32, 17, 1, 0, NULL);
INSERT INTO bets (id, match_id, user_id, home_goals_prediction, away_goals_prediction, penalties_winner_id) VALUES (515, 32, 12, 2, 0, NULL);
INSERT INTO bets (id, match_id, user_id, home_goals_prediction, away_goals_prediction, penalties_winner_id) VALUES (516, 32, 11, 2, 1, NULL);
INSERT INTO bets (id, match_id, user_id, home_goals_prediction, away_goals_prediction, penalties_winner_id) VALUES (517, 32, 18, 3, 0, NULL);
INSERT INTO bets (id, match_id, user_id, home_goals_prediction, away_goals_prediction, penalties_winner_id) VALUES (518, 32, 9, 4, 0, NULL);
INSERT INTO bets (id, match_id, user_id, home_goals_prediction, away_goals_prediction, penalties_winner_id) VALUES (519, 32, 10, 1, 0, NULL);
INSERT INTO bets (id, match_id, user_id, home_goals_prediction, away_goals_prediction, penalties_winner_id) VALUES (520, 32, 16, 1, 1, NULL);
INSERT INTO bets (id, match_id, user_id, home_goals_prediction, away_goals_prediction, penalties_winner_id) VALUES (521, 32, 2, 2, 0, NULL);
INSERT INTO bets (id, match_id, user_id, home_goals_prediction, away_goals_prediction, penalties_winner_id) VALUES (522, 32, 6, 2, 1, NULL);
INSERT INTO bets (id, match_id, user_id, home_goals_prediction, away_goals_prediction, penalties_winner_id) VALUES (523, 32, 14, 1, 0, NULL);
INSERT INTO bets (id, match_id, user_id, home_goals_prediction, away_goals_prediction, penalties_winner_id) VALUES (524, 32, 3, 2, 1, NULL);
INSERT INTO bets (id, match_id, user_id, home_goals_prediction, away_goals_prediction, penalties_winner_id) VALUES (525, 32, 15, 2, 1, NULL);
INSERT INTO bets (id, match_id, user_id, home_goals_prediction, away_goals_prediction, penalties_winner_id) VALUES (526, 33, 12, 1, 0, NULL);
INSERT INTO bets (id, match_id, user_id, home_goals_prediction, away_goals_prediction, penalties_winner_id) VALUES (527, 33, 8, 2, 0, NULL);
INSERT INTO bets (id, match_id, user_id, home_goals_prediction, away_goals_prediction, penalties_winner_id) VALUES (528, 33, 3, 2, 0, NULL);
INSERT INTO bets (id, match_id, user_id, home_goals_prediction, away_goals_prediction, penalties_winner_id) VALUES (529, 33, 13, 2, 0, NULL);
INSERT INTO bets (id, match_id, user_id, home_goals_prediction, away_goals_prediction, penalties_winner_id) VALUES (530, 33, 6, 2, 0, NULL);
INSERT INTO bets (id, match_id, user_id, home_goals_prediction, away_goals_prediction, penalties_winner_id) VALUES (531, 33, 18, 1, 0, NULL);
INSERT INTO bets (id, match_id, user_id, home_goals_prediction, away_goals_prediction, penalties_winner_id) VALUES (532, 33, 10, 1, 0, NULL);
INSERT INTO bets (id, match_id, user_id, home_goals_prediction, away_goals_prediction, penalties_winner_id) VALUES (533, 33, 15, 2, 0, NULL);
INSERT INTO bets (id, match_id, user_id, home_goals_prediction, away_goals_prediction, penalties_winner_id) VALUES (534, 33, 5, 2, 2, 15);
INSERT INTO bets (id, match_id, user_id, home_goals_prediction, away_goals_prediction, penalties_winner_id) VALUES (535, 33, 14, 1, 0, NULL);
INSERT INTO bets (id, match_id, user_id, home_goals_prediction, away_goals_prediction, penalties_winner_id) VALUES (536, 33, 17, 1, 1, 20);
INSERT INTO bets (id, match_id, user_id, home_goals_prediction, away_goals_prediction, penalties_winner_id) VALUES (537, 33, 4, 2, 0, NULL);
INSERT INTO bets (id, match_id, user_id, home_goals_prediction, away_goals_prediction, penalties_winner_id) VALUES (538, 33, 7, 1, 1, 15);
INSERT INTO bets (id, match_id, user_id, home_goals_prediction, away_goals_prediction, penalties_winner_id) VALUES (539, 33, 16, 2, 0, NULL);
INSERT INTO bets (id, match_id, user_id, home_goals_prediction, away_goals_prediction, penalties_winner_id) VALUES (540, 33, 11, 2, 1, NULL);
INSERT INTO bets (id, match_id, user_id, home_goals_prediction, away_goals_prediction, penalties_winner_id) VALUES (541, 33, 5, 1, 1, 15);
INSERT INTO bets (id, match_id, user_id, home_goals_prediction, away_goals_prediction, penalties_winner_id) VALUES (542, 33, 2, 2, 1, NULL);
INSERT INTO bets (id, match_id, user_id, home_goals_prediction, away_goals_prediction, penalties_winner_id) VALUES (543, 33, 9, 2, 0, NULL);
INSERT INTO bets (id, match_id, user_id, home_goals_prediction, away_goals_prediction, penalties_winner_id) VALUES (544, 34, 18, 1, 2, NULL);
INSERT INTO bets (id, match_id, user_id, home_goals_prediction, away_goals_prediction, penalties_winner_id) VALUES (545, 34, 8, 0, 1, NULL);
INSERT INTO bets (id, match_id, user_id, home_goals_prediction, away_goals_prediction, penalties_winner_id) VALUES (546, 34, 12, 1, 1, 22);
INSERT INTO bets (id, match_id, user_id, home_goals_prediction, away_goals_prediction, penalties_winner_id) VALUES (547, 34, 15, 0, 1, NULL);
INSERT INTO bets (id, match_id, user_id, home_goals_prediction, away_goals_prediction, penalties_winner_id) VALUES (548, 34, 2, 0, 1, NULL);
INSERT INTO bets (id, match_id, user_id, home_goals_prediction, away_goals_prediction, penalties_winner_id) VALUES (549, 34, 7, 1, 2, NULL);
INSERT INTO bets (id, match_id, user_id, home_goals_prediction, away_goals_prediction, penalties_winner_id) VALUES (550, 34, 14, 0, 1, NULL);
INSERT INTO bets (id, match_id, user_id, home_goals_prediction, away_goals_prediction, penalties_winner_id) VALUES (551, 34, 11, 2, 1, NULL);
INSERT INTO bets (id, match_id, user_id, home_goals_prediction, away_goals_prediction, penalties_winner_id) VALUES (552, 34, 13, 2, 1, NULL);
INSERT INTO bets (id, match_id, user_id, home_goals_prediction, away_goals_prediction, penalties_winner_id) VALUES (553, 34, 5, 1, 1, 7);
INSERT INTO bets (id, match_id, user_id, home_goals_prediction, away_goals_prediction, penalties_winner_id) VALUES (554, 34, 16, 2, 1, NULL);
INSERT INTO bets (id, match_id, user_id, home_goals_prediction, away_goals_prediction, penalties_winner_id) VALUES (555, 34, 17, 1, 1, 22);
INSERT INTO bets (id, match_id, user_id, home_goals_prediction, away_goals_prediction, penalties_winner_id) VALUES (556, 34, 10, 0, 1, NULL);
INSERT INTO bets (id, match_id, user_id, home_goals_prediction, away_goals_prediction, penalties_winner_id) VALUES (557, 34, 3, 1, 2, NULL);
INSERT INTO bets (id, match_id, user_id, home_goals_prediction, away_goals_prediction, penalties_winner_id) VALUES (558, 34, 4, 1, 1, 7);
INSERT INTO bets (id, match_id, user_id, home_goals_prediction, away_goals_prediction, penalties_winner_id) VALUES (559, 34, 6, 1, 2, NULL);
INSERT INTO bets (id, match_id, user_id, home_goals_prediction, away_goals_prediction, penalties_winner_id) VALUES (560, 35, 3, 1, 3, NULL);
INSERT INTO bets (id, match_id, user_id, home_goals_prediction, away_goals_prediction, penalties_winner_id) VALUES (561, 35, 15, 1, 3, NULL);
INSERT INTO bets (id, match_id, user_id, home_goals_prediction, away_goals_prediction, penalties_winner_id) VALUES (562, 35, 14, 1, 2, NULL);
INSERT INTO bets (id, match_id, user_id, home_goals_prediction, away_goals_prediction, penalties_winner_id) VALUES (563, 35, 6, 1, 3, NULL);
INSERT INTO bets (id, match_id, user_id, home_goals_prediction, away_goals_prediction, penalties_winner_id) VALUES (564, 35, 4, 1, 3, NULL);
INSERT INTO bets (id, match_id, user_id, home_goals_prediction, away_goals_prediction, penalties_winner_id) VALUES (565, 35, 12, 0, 2, NULL);
INSERT INTO bets (id, match_id, user_id, home_goals_prediction, away_goals_prediction, penalties_winner_id) VALUES (566, 35, 8, 0, 1, NULL);
INSERT INTO bets (id, match_id, user_id, home_goals_prediction, away_goals_prediction, penalties_winner_id) VALUES (567, 35, 5, 0, 2, NULL);
INSERT INTO bets (id, match_id, user_id, home_goals_prediction, away_goals_prediction, penalties_winner_id) VALUES (568, 35, 10, 1, 3, NULL);
INSERT INTO bets (id, match_id, user_id, home_goals_prediction, away_goals_prediction, penalties_winner_id) VALUES (569, 35, 17, 2, 2, 10);
INSERT INTO bets (id, match_id, user_id, home_goals_prediction, away_goals_prediction, penalties_winner_id) VALUES (570, 35, 2, 1, 3, NULL);
INSERT INTO bets (id, match_id, user_id, home_goals_prediction, away_goals_prediction, penalties_winner_id) VALUES (571, 35, 18, 0, 0, 22);
INSERT INTO bets (id, match_id, user_id, home_goals_prediction, away_goals_prediction, penalties_winner_id) VALUES (572, 35, 16, 1, 2, NULL);
INSERT INTO bets (id, match_id, user_id, home_goals_prediction, away_goals_prediction, penalties_winner_id) VALUES (573, 35, 11, 0, 2, NULL);
INSERT INTO bets (id, match_id, user_id, home_goals_prediction, away_goals_prediction, penalties_winner_id) VALUES (574, 35, 7, 2, 2, NULL);
INSERT INTO bets (id, match_id, user_id, home_goals_prediction, away_goals_prediction, penalties_winner_id) VALUES (575, 35, 9, 1, 2, NULL);
INSERT INTO bets (id, match_id, user_id, home_goals_prediction, away_goals_prediction, penalties_winner_id) VALUES (576, 35, 13, 0, 2, NULL);
INSERT INTO bets (id, match_id, user_id, home_goals_prediction, away_goals_prediction, penalties_winner_id) VALUES (577, 36, 12, 1, 1, 21);
INSERT INTO bets (id, match_id, user_id, home_goals_prediction, away_goals_prediction, penalties_winner_id) VALUES (578, 36, 8, 1, 1, NULL);
INSERT INTO bets (id, match_id, user_id, home_goals_prediction, away_goals_prediction, penalties_winner_id) VALUES (579, 36, 2, 2, 1, NULL);
INSERT INTO bets (id, match_id, user_id, home_goals_prediction, away_goals_prediction, penalties_winner_id) VALUES (580, 36, 13, 2, 1, NULL);
INSERT INTO bets (id, match_id, user_id, home_goals_prediction, away_goals_prediction, penalties_winner_id) VALUES (581, 36, 9, 2, 2, NULL);
INSERT INTO bets (id, match_id, user_id, home_goals_prediction, away_goals_prediction, penalties_winner_id) VALUES (582, 36, 16, 1, 1, NULL);
INSERT INTO bets (id, match_id, user_id, home_goals_prediction, away_goals_prediction, penalties_winner_id) VALUES (583, 36, 11, 1, 2, NULL);
INSERT INTO bets (id, match_id, user_id, home_goals_prediction, away_goals_prediction, penalties_winner_id) VALUES (584, 36, 15, 1, 2, NULL);
INSERT INTO bets (id, match_id, user_id, home_goals_prediction, away_goals_prediction, penalties_winner_id) VALUES (585, 36, 17, 1, 1, NULL);
INSERT INTO bets (id, match_id, user_id, home_goals_prediction, away_goals_prediction, penalties_winner_id) VALUES (586, 36, 7, 2, 2, NULL);
INSERT INTO bets (id, match_id, user_id, home_goals_prediction, away_goals_prediction, penalties_winner_id) VALUES (587, 36, 10, 1, 2, NULL);
INSERT INTO bets (id, match_id, user_id, home_goals_prediction, away_goals_prediction, penalties_winner_id) VALUES (588, 36, 6, 2, 1, NULL);
INSERT INTO bets (id, match_id, user_id, home_goals_prediction, away_goals_prediction, penalties_winner_id) VALUES (589, 36, 18, 2, 1, NULL);
INSERT INTO bets (id, match_id, user_id, home_goals_prediction, away_goals_prediction, penalties_winner_id) VALUES (590, 36, 14, 1, 0, NULL);
INSERT INTO bets (id, match_id, user_id, home_goals_prediction, away_goals_prediction, penalties_winner_id) VALUES (591, 36, 3, 2, 2, NULL);
INSERT INTO bets (id, match_id, user_id, home_goals_prediction, away_goals_prediction, penalties_winner_id) VALUES (592, 36, 4, 2, 1, NULL);
INSERT INTO bets (id, match_id, user_id, home_goals_prediction, away_goals_prediction, penalties_winner_id) VALUES (593, 37, 3, 2, 1, NULL);
INSERT INTO bets (id, match_id, user_id, home_goals_prediction, away_goals_prediction, penalties_winner_id) VALUES (594, 37, 4, 1, 2, NULL);
INSERT INTO bets (id, match_id, user_id, home_goals_prediction, away_goals_prediction, penalties_winner_id) VALUES (595, 37, 8, 1, 3, NULL);
INSERT INTO bets (id, match_id, user_id, home_goals_prediction, away_goals_prediction, penalties_winner_id) VALUES (596, 37, 17, 0, 1, NULL);
INSERT INTO bets (id, match_id, user_id, home_goals_prediction, away_goals_prediction, penalties_winner_id) VALUES (597, 37, 7, 2, 0, NULL);
INSERT INTO bets (id, match_id, user_id, home_goals_prediction, away_goals_prediction, penalties_winner_id) VALUES (598, 37, 16, 1, 2, NULL);
INSERT INTO bets (id, match_id, user_id, home_goals_prediction, away_goals_prediction, penalties_winner_id) VALUES (599, 37, 15, 1, 0, NULL);
INSERT INTO bets (id, match_id, user_id, home_goals_prediction, away_goals_prediction, penalties_winner_id) VALUES (600, 37, 2, 0, 1, NULL);
INSERT INTO bets (id, match_id, user_id, home_goals_prediction, away_goals_prediction, penalties_winner_id) VALUES (601, 37, 18, 0, 2, NULL);
INSERT INTO bets (id, match_id, user_id, home_goals_prediction, away_goals_prediction, penalties_winner_id) VALUES (602, 37, 13, 1, 1, NULL);
INSERT INTO bets (id, match_id, user_id, home_goals_prediction, away_goals_prediction, penalties_winner_id) VALUES (603, 37, 6, 1, 2, NULL);
INSERT INTO bets (id, match_id, user_id, home_goals_prediction, away_goals_prediction, penalties_winner_id) VALUES (604, 37, 12, 1, 2, NULL);
INSERT INTO bets (id, match_id, user_id, home_goals_prediction, away_goals_prediction, penalties_winner_id) VALUES (605, 37, 9, 0, 2, NULL);
INSERT INTO bets (id, match_id, user_id, home_goals_prediction, away_goals_prediction, penalties_winner_id) VALUES (606, 37, 11, 1, 2, NULL);
INSERT INTO bets (id, match_id, user_id, home_goals_prediction, away_goals_prediction, penalties_winner_id) VALUES (607, 37, 10, 1, 2, NULL);
INSERT INTO bets (id, match_id, user_id, home_goals_prediction, away_goals_prediction, penalties_winner_id) VALUES (608, 38, 13, 1, 2, NULL);
INSERT INTO bets (id, match_id, user_id, home_goals_prediction, away_goals_prediction, penalties_winner_id) VALUES (609, 38, 7, 1, 3, NULL);
INSERT INTO bets (id, match_id, user_id, home_goals_prediction, away_goals_prediction, penalties_winner_id) VALUES (610, 38, 2, 1, 2, NULL);
INSERT INTO bets (id, match_id, user_id, home_goals_prediction, away_goals_prediction, penalties_winner_id) VALUES (611, 38, 9, 1, 2, NULL);
INSERT INTO bets (id, match_id, user_id, home_goals_prediction, away_goals_prediction, penalties_winner_id) VALUES (612, 38, 12, 1, 1, NULL);
INSERT INTO bets (id, match_id, user_id, home_goals_prediction, away_goals_prediction, penalties_winner_id) VALUES (613, 38, 14, 1, 1, NULL);
INSERT INTO bets (id, match_id, user_id, home_goals_prediction, away_goals_prediction, penalties_winner_id) VALUES (614, 38, 18, 1, 2, NULL);
INSERT INTO bets (id, match_id, user_id, home_goals_prediction, away_goals_prediction, penalties_winner_id) VALUES (615, 38, 10, 0, 1, NULL);
INSERT INTO bets (id, match_id, user_id, home_goals_prediction, away_goals_prediction, penalties_winner_id) VALUES (616, 38, 4, 0, 1, NULL);
INSERT INTO bets (id, match_id, user_id, home_goals_prediction, away_goals_prediction, penalties_winner_id) VALUES (617, 38, 3, 0, 2, NULL);
INSERT INTO bets (id, match_id, user_id, home_goals_prediction, away_goals_prediction, penalties_winner_id) VALUES (618, 38, 17, 2, 2, NULL);
INSERT INTO bets (id, match_id, user_id, home_goals_prediction, away_goals_prediction, penalties_winner_id) VALUES (619, 38, 6, 0, 2, NULL);
INSERT INTO bets (id, match_id, user_id, home_goals_prediction, away_goals_prediction, penalties_winner_id) VALUES (620, 38, 16, 0, 1, NULL);
INSERT INTO bets (id, match_id, user_id, home_goals_prediction, away_goals_prediction, penalties_winner_id) VALUES (621, 38, 15, 1, 1, NULL);
INSERT INTO bets (id, match_id, user_id, home_goals_prediction, away_goals_prediction, penalties_winner_id) VALUES (622, 38, 8, 1, 2, NULL);
INSERT INTO bets (id, match_id, user_id, home_goals_prediction, away_goals_prediction, penalties_winner_id) VALUES (623, 38, 11, 1, 2, NULL);
INSERT INTO bets (id, match_id, user_id, home_goals_prediction, away_goals_prediction, penalties_winner_id) VALUES (624, 39, 7, 1, 1, 19);
INSERT INTO bets (id, match_id, user_id, home_goals_prediction, away_goals_prediction, penalties_winner_id) VALUES (625, 39, 9, 1, 0, NULL);
INSERT INTO bets (id, match_id, user_id, home_goals_prediction, away_goals_prediction, penalties_winner_id) VALUES (626, 39, 5, 2, 2, 19);
INSERT INTO bets (id, match_id, user_id, home_goals_prediction, away_goals_prediction, penalties_winner_id) VALUES (627, 39, 6, 1, 0, NULL);
INSERT INTO bets (id, match_id, user_id, home_goals_prediction, away_goals_prediction, penalties_winner_id) VALUES (628, 39, 15, 1, 0, NULL);
INSERT INTO bets (id, match_id, user_id, home_goals_prediction, away_goals_prediction, penalties_winner_id) VALUES (629, 39, 11, 2, 1, NULL);
INSERT INTO bets (id, match_id, user_id, home_goals_prediction, away_goals_prediction, penalties_winner_id) VALUES (630, 39, 14, 2, 0, NULL);
INSERT INTO bets (id, match_id, user_id, home_goals_prediction, away_goals_prediction, penalties_winner_id) VALUES (631, 39, 10, 1, 1, 7);
INSERT INTO bets (id, match_id, user_id, home_goals_prediction, away_goals_prediction, penalties_winner_id) VALUES (632, 39, 13, 2, 0, NULL);
INSERT INTO bets (id, match_id, user_id, home_goals_prediction, away_goals_prediction, penalties_winner_id) VALUES (633, 39, 12, 1, 1, 7);
INSERT INTO bets (id, match_id, user_id, home_goals_prediction, away_goals_prediction, penalties_winner_id) VALUES (634, 39, 17, 2, 1, NULL);
INSERT INTO bets (id, match_id, user_id, home_goals_prediction, away_goals_prediction, penalties_winner_id) VALUES (635, 39, 8, 1, 0, NULL);
INSERT INTO bets (id, match_id, user_id, home_goals_prediction, away_goals_prediction, penalties_winner_id) VALUES (636, 39, 4, 1, 0, NULL);
INSERT INTO bets (id, match_id, user_id, home_goals_prediction, away_goals_prediction, penalties_winner_id) VALUES (637, 39, 16, 1, 0, NULL);
INSERT INTO bets (id, match_id, user_id, home_goals_prediction, away_goals_prediction, penalties_winner_id) VALUES (638, 39, 18, 1, 1, 7);
INSERT INTO bets (id, match_id, user_id, home_goals_prediction, away_goals_prediction, penalties_winner_id) VALUES (639, 39, 3, 0, 1, NULL);
INSERT INTO bets (id, match_id, user_id, home_goals_prediction, away_goals_prediction, penalties_winner_id) VALUES (640, 39, 2, 1, 0, NULL);
INSERT INTO bets (id, match_id, user_id, home_goals_prediction, away_goals_prediction, penalties_winner_id) VALUES (641, 40, 18, 2, 0, NULL);
INSERT INTO bets (id, match_id, user_id, home_goals_prediction, away_goals_prediction, penalties_winner_id) VALUES (642, 40, 2, 3, 0, NULL);
INSERT INTO bets (id, match_id, user_id, home_goals_prediction, away_goals_prediction, penalties_winner_id) VALUES (643, 40, 7, 4, 0, NULL);
INSERT INTO bets (id, match_id, user_id, home_goals_prediction, away_goals_prediction, penalties_winner_id) VALUES (644, 40, 17, 3, 1, NULL);
INSERT INTO bets (id, match_id, user_id, home_goals_prediction, away_goals_prediction, penalties_winner_id) VALUES (645, 40, 12, 4, 0, NULL);
INSERT INTO bets (id, match_id, user_id, home_goals_prediction, away_goals_prediction, penalties_winner_id) VALUES (646, 40, 3, 3, 0, NULL);
INSERT INTO bets (id, match_id, user_id, home_goals_prediction, away_goals_prediction, penalties_winner_id) VALUES (647, 40, 13, 3, 0, NULL);
INSERT INTO bets (id, match_id, user_id, home_goals_prediction, away_goals_prediction, penalties_winner_id) VALUES (648, 40, 6, 3, 0, NULL);
INSERT INTO bets (id, match_id, user_id, home_goals_prediction, away_goals_prediction, penalties_winner_id) VALUES (649, 40, 10, 2, 0, NULL);
INSERT INTO bets (id, match_id, user_id, home_goals_prediction, away_goals_prediction, penalties_winner_id) VALUES (650, 40, 4, 3, 1, NULL);
INSERT INTO bets (id, match_id, user_id, home_goals_prediction, away_goals_prediction, penalties_winner_id) VALUES (651, 40, 8, 3, 0, NULL);
INSERT INTO bets (id, match_id, user_id, home_goals_prediction, away_goals_prediction, penalties_winner_id) VALUES (652, 40, 15, 4, 0, NULL);
INSERT INTO bets (id, match_id, user_id, home_goals_prediction, away_goals_prediction, penalties_winner_id) VALUES (653, 40, 9, 4, 0, NULL);
INSERT INTO bets (id, match_id, user_id, home_goals_prediction, away_goals_prediction, penalties_winner_id) VALUES (654, 40, 11, 3, 1, NULL);
INSERT INTO bets (id, match_id, user_id, home_goals_prediction, away_goals_prediction, penalties_winner_id) VALUES (655, 40, 16, 2, 0, NULL);
INSERT INTO bets (id, match_id, user_id, home_goals_prediction, away_goals_prediction, penalties_winner_id) VALUES (656, 40, 14, 3, 0, NULL);
INSERT INTO bets (id, match_id, user_id, home_goals_prediction, away_goals_prediction, penalties_winner_id) VALUES (657, 41, 17, 1, 1, 7);
INSERT INTO bets (id, match_id, user_id, home_goals_prediction, away_goals_prediction, penalties_winner_id) VALUES (658, 41, 3, 0, 1, NULL);
INSERT INTO bets (id, match_id, user_id, home_goals_prediction, away_goals_prediction, penalties_winner_id) VALUES (659, 41, 14, 2, 1, NULL);
INSERT INTO bets (id, match_id, user_id, home_goals_prediction, away_goals_prediction, penalties_winner_id) VALUES (660, 41, 6, 2, 1, NULL);
INSERT INTO bets (id, match_id, user_id, home_goals_prediction, away_goals_prediction, penalties_winner_id) VALUES (661, 41, 5, 1, 1, 21);
INSERT INTO bets (id, match_id, user_id, home_goals_prediction, away_goals_prediction, penalties_winner_id) VALUES (662, 41, 16, 2, 1, NULL);
INSERT INTO bets (id, match_id, user_id, home_goals_prediction, away_goals_prediction, penalties_winner_id) VALUES (663, 41, 6, 2, 1, NULL);
INSERT INTO bets (id, match_id, user_id, home_goals_prediction, away_goals_prediction, penalties_winner_id) VALUES (664, 41, 4, 1, 1, 7);
INSERT INTO bets (id, match_id, user_id, home_goals_prediction, away_goals_prediction, penalties_winner_id) VALUES (665, 41, 13, 2, 1, NULL);
INSERT INTO bets (id, match_id, user_id, home_goals_prediction, away_goals_prediction, penalties_winner_id) VALUES (666, 41, 18, 3, 1, NULL);
INSERT INTO bets (id, match_id, user_id, home_goals_prediction, away_goals_prediction, penalties_winner_id) VALUES (667, 41, 11, 2, 1, NULL);
INSERT INTO bets (id, match_id, user_id, home_goals_prediction, away_goals_prediction, penalties_winner_id) VALUES (668, 41, 15, 2, 1, NULL);
INSERT INTO bets (id, match_id, user_id, home_goals_prediction, away_goals_prediction, penalties_winner_id) VALUES (669, 41, 2, 0, 1, NULL);
INSERT INTO bets (id, match_id, user_id, home_goals_prediction, away_goals_prediction, penalties_winner_id) VALUES (670, 41, 7, 3, 2, NULL);
INSERT INTO bets (id, match_id, user_id, home_goals_prediction, away_goals_prediction, penalties_winner_id) VALUES (671, 41, 12, 1, 1, 7);
INSERT INTO bets (id, match_id, user_id, home_goals_prediction, away_goals_prediction, penalties_winner_id) VALUES (672, 41, 10, 1, 1, 7);
INSERT INTO bets (id, match_id, user_id, home_goals_prediction, away_goals_prediction, penalties_winner_id) VALUES (673, 42, 5, 0, 1, NULL);
INSERT INTO bets (id, match_id, user_id, home_goals_prediction, away_goals_prediction, penalties_winner_id) VALUES (674, 42, 12, 0, 2, NULL);
INSERT INTO bets (id, match_id, user_id, home_goals_prediction, away_goals_prediction, penalties_winner_id) VALUES (675, 42, 13, 1, 2, NULL);
INSERT INTO bets (id, match_id, user_id, home_goals_prediction, away_goals_prediction, penalties_winner_id) VALUES (676, 42, 8, 0, 2, NULL);
INSERT INTO bets (id, match_id, user_id, home_goals_prediction, away_goals_prediction, penalties_winner_id) VALUES (677, 42, 6, 0, 1, NULL);
INSERT INTO bets (id, match_id, user_id, home_goals_prediction, away_goals_prediction, penalties_winner_id) VALUES (678, 42, 4, 1, 1, 21);
INSERT INTO bets (id, match_id, user_id, home_goals_prediction, away_goals_prediction, penalties_winner_id) VALUES (679, 42, 11, 1, 1, 21);
INSERT INTO bets (id, match_id, user_id, home_goals_prediction, away_goals_prediction, penalties_winner_id) VALUES (680, 42, 2, 0, 1, NULL);
INSERT INTO bets (id, match_id, user_id, home_goals_prediction, away_goals_prediction, penalties_winner_id) VALUES (681, 42, 7, 0, 2, NULL);
INSERT INTO bets (id, match_id, user_id, home_goals_prediction, away_goals_prediction, penalties_winner_id) VALUES (682, 42, 16, 1, 2, NULL);
INSERT INTO bets (id, match_id, user_id, home_goals_prediction, away_goals_prediction, penalties_winner_id) VALUES (683, 42, 3, 0, 2, NULL);
INSERT INTO bets (id, match_id, user_id, home_goals_prediction, away_goals_prediction, penalties_winner_id) VALUES (684, 42, 10, 0, 2, NULL);
INSERT INTO bets (id, match_id, user_id, home_goals_prediction, away_goals_prediction, penalties_winner_id) VALUES (685, 42, 18, 0, 2, NULL);
INSERT INTO bets (id, match_id, user_id, home_goals_prediction, away_goals_prediction, penalties_winner_id) VALUES (686, 42, 15, 0, 2, NULL);
INSERT INTO bets (id, match_id, user_id, home_goals_prediction, away_goals_prediction, penalties_winner_id) VALUES (687, 42, 17, 1, 1, 21);
INSERT INTO bets (id, match_id, user_id, home_goals_prediction, away_goals_prediction, penalties_winner_id) VALUES (688, 42, 14, 0, 2, NULL);
INSERT INTO bets (id, match_id, user_id, home_goals_prediction, away_goals_prediction, penalties_winner_id) VALUES (689, 43, 17, 1, 1, NULL);
INSERT INTO bets (id, match_id, user_id, home_goals_prediction, away_goals_prediction, penalties_winner_id) VALUES (690, 43, 5, 2, 1, NULL);
INSERT INTO bets (id, match_id, user_id, home_goals_prediction, away_goals_prediction, penalties_winner_id) VALUES (691, 43, 4, 2, 1, NULL);
INSERT INTO bets (id, match_id, user_id, home_goals_prediction, away_goals_prediction, penalties_winner_id) VALUES (692, 43, 3, 1, 1, NULL);
INSERT INTO bets (id, match_id, user_id, home_goals_prediction, away_goals_prediction, penalties_winner_id) VALUES (693, 43, 18, 2, 2, 2);
INSERT INTO bets (id, match_id, user_id, home_goals_prediction, away_goals_prediction, penalties_winner_id) VALUES (694, 43, 8, 1, 0, NULL);
INSERT INTO bets (id, match_id, user_id, home_goals_prediction, away_goals_prediction, penalties_winner_id) VALUES (695, 43, 16, 1, 2, NULL);
INSERT INTO bets (id, match_id, user_id, home_goals_prediction, away_goals_prediction, penalties_winner_id) VALUES (696, 43, 14, 2, 1, NULL);
INSERT INTO bets (id, match_id, user_id, home_goals_prediction, away_goals_prediction, penalties_winner_id) VALUES (697, 43, 13, 1, 0, NULL);
INSERT INTO bets (id, match_id, user_id, home_goals_prediction, away_goals_prediction, penalties_winner_id) VALUES (698, 43, 7, 1, 2, NULL);
INSERT INTO bets (id, match_id, user_id, home_goals_prediction, away_goals_prediction, penalties_winner_id) VALUES (699, 43, 9, 3, 1, NULL);
INSERT INTO bets (id, match_id, user_id, home_goals_prediction, away_goals_prediction, penalties_winner_id) VALUES (700, 43, 11, 2, 1, NULL);
INSERT INTO bets (id, match_id, user_id, home_goals_prediction, away_goals_prediction, penalties_winner_id) VALUES (701, 43, 15, 2, 0, NULL);
INSERT INTO bets (id, match_id, user_id, home_goals_prediction, away_goals_prediction, penalties_winner_id) VALUES (702, 43, 12, 1, 1, NULL);
INSERT INTO bets (id, match_id, user_id, home_goals_prediction, away_goals_prediction, penalties_winner_id) VALUES (703, 43, 2, 1, 0, NULL);
INSERT INTO bets (id, match_id, user_id, home_goals_prediction, away_goals_prediction, penalties_winner_id) VALUES (704, 43, 6, 2, 0, NULL);
INSERT INTO bets (id, match_id, user_id, home_goals_prediction, away_goals_prediction, penalties_winner_id) VALUES (705, 43, 10, 1, 1, NULL);
INSERT INTO bets (id, match_id, user_id, home_goals_prediction, away_goals_prediction, penalties_winner_id) VALUES (706, 44, 14, 2, 0, NULL);
INSERT INTO bets (id, match_id, user_id, home_goals_prediction, away_goals_prediction, penalties_winner_id) VALUES (707, 44, 11, 3, 0, NULL);
INSERT INTO bets (id, match_id, user_id, home_goals_prediction, away_goals_prediction, penalties_winner_id) VALUES (708, 44, 5, 2, 3, NULL);
INSERT INTO bets (id, match_id, user_id, home_goals_prediction, away_goals_prediction, penalties_winner_id) VALUES (709, 44, 7, 3, 1, NULL);
INSERT INTO bets (id, match_id, user_id, home_goals_prediction, away_goals_prediction, penalties_winner_id) VALUES (710, 44, 8, 3, 0, NULL);
INSERT INTO bets (id, match_id, user_id, home_goals_prediction, away_goals_prediction, penalties_winner_id) VALUES (711, 44, 10, 3, 0, NULL);
INSERT INTO bets (id, match_id, user_id, home_goals_prediction, away_goals_prediction, penalties_winner_id) VALUES (712, 44, 9, 3, 0, NULL);
INSERT INTO bets (id, match_id, user_id, home_goals_prediction, away_goals_prediction, penalties_winner_id) VALUES (713, 44, 4, 3, 1, NULL);
INSERT INTO bets (id, match_id, user_id, home_goals_prediction, away_goals_prediction, penalties_winner_id) VALUES (714, 44, 16, 3, 0, NULL);
INSERT INTO bets (id, match_id, user_id, home_goals_prediction, away_goals_prediction, penalties_winner_id) VALUES (715, 44, 17, 3, 1, NULL);
INSERT INTO bets (id, match_id, user_id, home_goals_prediction, away_goals_prediction, penalties_winner_id) VALUES (716, 44, 3, 2, 1, NULL);
INSERT INTO bets (id, match_id, user_id, home_goals_prediction, away_goals_prediction, penalties_winner_id) VALUES (717, 44, 12, 2, 1, NULL);
INSERT INTO bets (id, match_id, user_id, home_goals_prediction, away_goals_prediction, penalties_winner_id) VALUES (718, 44, 13, 3, 0, NULL);
INSERT INTO bets (id, match_id, user_id, home_goals_prediction, away_goals_prediction, penalties_winner_id) VALUES (719, 44, 15, 3, 1, NULL);
INSERT INTO bets (id, match_id, user_id, home_goals_prediction, away_goals_prediction, penalties_winner_id) VALUES (720, 44, 18, 3, 0, NULL);
INSERT INTO bets (id, match_id, user_id, home_goals_prediction, away_goals_prediction, penalties_winner_id) VALUES (721, 44, 2, 2, 0, NULL);
INSERT INTO bets (id, match_id, user_id, home_goals_prediction, away_goals_prediction, penalties_winner_id) VALUES (722, 44, 6, 3, 1, NULL);
INSERT INTO bets (id, match_id, user_id, home_goals_prediction, away_goals_prediction, penalties_winner_id) VALUES (723, 45, 11, 1, 1, NULL);
INSERT INTO bets (id, match_id, user_id, home_goals_prediction, away_goals_prediction, penalties_winner_id) VALUES (724, 45, 13, 1, 2, NULL);
INSERT INTO bets (id, match_id, user_id, home_goals_prediction, away_goals_prediction, penalties_winner_id) VALUES (725, 45, 7, 0, 2, NULL);
INSERT INTO bets (id, match_id, user_id, home_goals_prediction, away_goals_prediction, penalties_winner_id) VALUES (726, 45, 18, 0, 1, NULL);
INSERT INTO bets (id, match_id, user_id, home_goals_prediction, away_goals_prediction, penalties_winner_id) VALUES (727, 45, 17, 1, 3, NULL);
INSERT INTO bets (id, match_id, user_id, home_goals_prediction, away_goals_prediction, penalties_winner_id) VALUES (728, 45, 16, 1, 1, NULL);
INSERT INTO bets (id, match_id, user_id, home_goals_prediction, away_goals_prediction, penalties_winner_id) VALUES (729, 45, 15, 0, 1, NULL);
INSERT INTO bets (id, match_id, user_id, home_goals_prediction, away_goals_prediction, penalties_winner_id) VALUES (730, 45, 2, 0, 1, NULL);
INSERT INTO bets (id, match_id, user_id, home_goals_prediction, away_goals_prediction, penalties_winner_id) VALUES (731, 45, 8, 0, 1, NULL);
INSERT INTO bets (id, match_id, user_id, home_goals_prediction, away_goals_prediction, penalties_winner_id) VALUES (732, 45, 14, 0, 1, NULL);
INSERT INTO bets (id, match_id, user_id, home_goals_prediction, away_goals_prediction, penalties_winner_id) VALUES (733, 45, 9, 1, 1, NULL);
INSERT INTO bets (id, match_id, user_id, home_goals_prediction, away_goals_prediction, penalties_winner_id) VALUES (734, 45, 4, 0, 1, NULL);
INSERT INTO bets (id, match_id, user_id, home_goals_prediction, away_goals_prediction, penalties_winner_id) VALUES (735, 45, 12, 0, 1, NULL);
INSERT INTO bets (id, match_id, user_id, home_goals_prediction, away_goals_prediction, penalties_winner_id) VALUES (736, 45, 10, 1, 2, NULL);
INSERT INTO bets (id, match_id, user_id, home_goals_prediction, away_goals_prediction, penalties_winner_id) VALUES (737, 45, 3, 0, 2, NULL);
INSERT INTO bets (id, match_id, user_id, home_goals_prediction, away_goals_prediction, penalties_winner_id) VALUES (738, 45, 6, 1, 1, NULL);
INSERT INTO bets (id, match_id, user_id, home_goals_prediction, away_goals_prediction, penalties_winner_id) VALUES (739, 46, 7, 1, 1, NULL);
INSERT INTO bets (id, match_id, user_id, home_goals_prediction, away_goals_prediction, penalties_winner_id) VALUES (740, 46, 6, 1, 2, NULL);
INSERT INTO bets (id, match_id, user_id, home_goals_prediction, away_goals_prediction, penalties_winner_id) VALUES (741, 46, 17, 1, 1, 13);
INSERT INTO bets (id, match_id, user_id, home_goals_prediction, away_goals_prediction, penalties_winner_id) VALUES (742, 46, 18, 0, 2, NULL);
INSERT INTO bets (id, match_id, user_id, home_goals_prediction, away_goals_prediction, penalties_winner_id) VALUES (743, 46, 13, 1, 3, NULL);
INSERT INTO bets (id, match_id, user_id, home_goals_prediction, away_goals_prediction, penalties_winner_id) VALUES (744, 46, 11, 1, 2, NULL);
INSERT INTO bets (id, match_id, user_id, home_goals_prediction, away_goals_prediction, penalties_winner_id) VALUES (745, 46, 9, 0, 2, NULL);
INSERT INTO bets (id, match_id, user_id, home_goals_prediction, away_goals_prediction, penalties_winner_id) VALUES (746, 46, 16, 0, 2, NULL);
INSERT INTO bets (id, match_id, user_id, home_goals_prediction, away_goals_prediction, penalties_winner_id) VALUES (747, 46, 10, 1, 3, NULL);
INSERT INTO bets (id, match_id, user_id, home_goals_prediction, away_goals_prediction, penalties_winner_id) VALUES (748, 46, 2, 0, 2, NULL);
INSERT INTO bets (id, match_id, user_id, home_goals_prediction, away_goals_prediction, penalties_winner_id) VALUES (749, 46, 15, 1, 2, NULL);
INSERT INTO bets (id, match_id, user_id, home_goals_prediction, away_goals_prediction, penalties_winner_id) VALUES (750, 46, 4, 1, 2, NULL);
INSERT INTO bets (id, match_id, user_id, home_goals_prediction, away_goals_prediction, penalties_winner_id) VALUES (751, 46, 8, 0, 2, NULL);
INSERT INTO bets (id, match_id, user_id, home_goals_prediction, away_goals_prediction, penalties_winner_id) VALUES (752, 46, 3, 1, 2, NULL);
INSERT INTO bets (id, match_id, user_id, home_goals_prediction, away_goals_prediction, penalties_winner_id) VALUES (753, 46, 14, 1, 2, NULL);
INSERT INTO bets (id, match_id, user_id, home_goals_prediction, away_goals_prediction, penalties_winner_id) VALUES (754, 46, 12, 1, 1, NULL);
INSERT INTO bets (id, match_id, user_id, home_goals_prediction, away_goals_prediction, penalties_winner_id) VALUES (755, 47, 2, 1, 2, NULL);
INSERT INTO bets (id, match_id, user_id, home_goals_prediction, away_goals_prediction, penalties_winner_id) VALUES (756, 47, 9, 2, 3, NULL);
INSERT INTO bets (id, match_id, user_id, home_goals_prediction, away_goals_prediction, penalties_winner_id) VALUES (757, 47, 18, 1, 2, NULL);
INSERT INTO bets (id, match_id, user_id, home_goals_prediction, away_goals_prediction, penalties_winner_id) VALUES (758, 47, 7, 1, 2, NULL);
INSERT INTO bets (id, match_id, user_id, home_goals_prediction, away_goals_prediction, penalties_winner_id) VALUES (759, 47, 3, 1, 1, NULL);
INSERT INTO bets (id, match_id, user_id, home_goals_prediction, away_goals_prediction, penalties_winner_id) VALUES (760, 47, 13, 2, 1, NULL);
INSERT INTO bets (id, match_id, user_id, home_goals_prediction, away_goals_prediction, penalties_winner_id) VALUES (761, 47, 11, 1, 2, NULL);
INSERT INTO bets (id, match_id, user_id, home_goals_prediction, away_goals_prediction, penalties_winner_id) VALUES (762, 47, 16, 1, 2, NULL);
INSERT INTO bets (id, match_id, user_id, home_goals_prediction, away_goals_prediction, penalties_winner_id) VALUES (763, 47, 5, 1, 2, NULL);
INSERT INTO bets (id, match_id, user_id, home_goals_prediction, away_goals_prediction, penalties_winner_id) VALUES (764, 47, 4, 1, 2, NULL);
INSERT INTO bets (id, match_id, user_id, home_goals_prediction, away_goals_prediction, penalties_winner_id) VALUES (765, 47, 10, 1, 2, NULL);
INSERT INTO bets (id, match_id, user_id, home_goals_prediction, away_goals_prediction, penalties_winner_id) VALUES (766, 47, 15, 0, 1, NULL);
INSERT INTO bets (id, match_id, user_id, home_goals_prediction, away_goals_prediction, penalties_winner_id) VALUES (767, 47, 6, 1, 2, NULL);
INSERT INTO bets (id, match_id, user_id, home_goals_prediction, away_goals_prediction, penalties_winner_id) VALUES (768, 47, 12, 1, 1, NULL);
INSERT INTO bets (id, match_id, user_id, home_goals_prediction, away_goals_prediction, penalties_winner_id) VALUES (769, 47, 17, 1, 1, NULL);
INSERT INTO bets (id, match_id, user_id, home_goals_prediction, away_goals_prediction, penalties_winner_id) VALUES (770, 47, 14, 1, 0, NULL);
INSERT INTO bets (id, match_id, user_id, home_goals_prediction, away_goals_prediction, penalties_winner_id) VALUES (771, 47, 8, 0, 1, NULL);
INSERT INTO bets (id, match_id, user_id, home_goals_prediction, away_goals_prediction, penalties_winner_id) VALUES (772, 48, 5, 2, 3, NULL);
INSERT INTO bets (id, match_id, user_id, home_goals_prediction, away_goals_prediction, penalties_winner_id) VALUES (773, 48, 7, 1, 4, NULL);
INSERT INTO bets (id, match_id, user_id, home_goals_prediction, away_goals_prediction, penalties_winner_id) VALUES (774, 48, 2, 0, 2, NULL);
INSERT INTO bets (id, match_id, user_id, home_goals_prediction, away_goals_prediction, penalties_winner_id) VALUES (775, 48, 11, 1, 3, NULL);
INSERT INTO bets (id, match_id, user_id, home_goals_prediction, away_goals_prediction, penalties_winner_id) VALUES (776, 48, 6, 0, 2, NULL);
INSERT INTO bets (id, match_id, user_id, home_goals_prediction, away_goals_prediction, penalties_winner_id) VALUES (777, 48, 14, 1, 1, NULL);
INSERT INTO bets (id, match_id, user_id, home_goals_prediction, away_goals_prediction, penalties_winner_id) VALUES (778, 48, 15, 0, 3, NULL);
INSERT INTO bets (id, match_id, user_id, home_goals_prediction, away_goals_prediction, penalties_winner_id) VALUES (779, 48, 17, 0, 2, NULL);
INSERT INTO bets (id, match_id, user_id, home_goals_prediction, away_goals_prediction, penalties_winner_id) VALUES (780, 48, 10, 0, 2, NULL);
INSERT INTO bets (id, match_id, user_id, home_goals_prediction, away_goals_prediction, penalties_winner_id) VALUES (781, 48, 13, 0, 2, NULL);
INSERT INTO bets (id, match_id, user_id, home_goals_prediction, away_goals_prediction, penalties_winner_id) VALUES (782, 48, 4, 0, 3, NULL);
INSERT INTO bets (id, match_id, user_id, home_goals_prediction, away_goals_prediction, penalties_winner_id) VALUES (783, 48, 3, 0, 2, NULL);
INSERT INTO bets (id, match_id, user_id, home_goals_prediction, away_goals_prediction, penalties_winner_id) VALUES (784, 48, 9, 0, 3, NULL);
INSERT INTO bets (id, match_id, user_id, home_goals_prediction, away_goals_prediction, penalties_winner_id) VALUES (785, 48, 12, 0, 2, NULL);
INSERT INTO bets (id, match_id, user_id, home_goals_prediction, away_goals_prediction, penalties_winner_id) VALUES (786, 48, 18, 0, 3, NULL);
INSERT INTO bets (id, match_id, user_id, home_goals_prediction, away_goals_prediction, penalties_winner_id) VALUES (787, 48, 16, 0, 2, NULL);
INSERT INTO bets (id, match_id, user_id, home_goals_prediction, away_goals_prediction, penalties_winner_id) VALUES (788, 48, 8, 0, 2, NULL);
INSERT INTO bets (id, match_id, user_id, home_goals_prediction, away_goals_prediction, penalties_winner_id) VALUES (789, 49, 2, 1, 1, 19);
INSERT INTO bets (id, match_id, user_id, home_goals_prediction, away_goals_prediction, penalties_winner_id) VALUES (790, 49, 16, 1, 0, NULL);
INSERT INTO bets (id, match_id, user_id, home_goals_prediction, away_goals_prediction, penalties_winner_id) VALUES (791, 49, 9, 0, 1, NULL);
INSERT INTO bets (id, match_id, user_id, home_goals_prediction, away_goals_prediction, penalties_winner_id) VALUES (792, 49, 17, 2, 1, NULL);
INSERT INTO bets (id, match_id, user_id, home_goals_prediction, away_goals_prediction, penalties_winner_id) VALUES (793, 49, 4, 1, 1, NULL);
INSERT INTO bets (id, match_id, user_id, home_goals_prediction, away_goals_prediction, penalties_winner_id) VALUES (794, 49, 12, 1, 0, NULL);
INSERT INTO bets (id, match_id, user_id, home_goals_prediction, away_goals_prediction, penalties_winner_id) VALUES (795, 49, 13, 0, 1, NULL);
INSERT INTO bets (id, match_id, user_id, home_goals_prediction, away_goals_prediction, penalties_winner_id) VALUES (796, 49, 11, 1, 1, NULL);
INSERT INTO bets (id, match_id, user_id, home_goals_prediction, away_goals_prediction, penalties_winner_id) VALUES (797, 49, 8, 1, 0, NULL);
INSERT INTO bets (id, match_id, user_id, home_goals_prediction, away_goals_prediction, penalties_winner_id) VALUES (798, 49, 10, 1, 0, NULL);
INSERT INTO bets (id, match_id, user_id, home_goals_prediction, away_goals_prediction, penalties_winner_id) VALUES (799, 49, 18, 1, 1, NULL);
INSERT INTO bets (id, match_id, user_id, home_goals_prediction, away_goals_prediction, penalties_winner_id) VALUES (800, 49, 7, 3, 0, NULL);
INSERT INTO bets (id, match_id, user_id, home_goals_prediction, away_goals_prediction, penalties_winner_id) VALUES (801, 49, 14, 2, 0, NULL);
INSERT INTO bets (id, match_id, user_id, home_goals_prediction, away_goals_prediction, penalties_winner_id) VALUES (802, 49, 6, 1, 1, NULL);
INSERT INTO bets (id, match_id, user_id, home_goals_prediction, away_goals_prediction, penalties_winner_id) VALUES (803, 49, 3, 1, 2, NULL);
INSERT INTO bets (id, match_id, user_id, home_goals_prediction, away_goals_prediction, penalties_winner_id) VALUES (804, 50, 7, 3, 1, NULL);
INSERT INTO bets (id, match_id, user_id, home_goals_prediction, away_goals_prediction, penalties_winner_id) VALUES (805, 50, 9, 1, 1, NULL);
INSERT INTO bets (id, match_id, user_id, home_goals_prediction, away_goals_prediction, penalties_winner_id) VALUES (806, 50, 4, 3, 0, NULL);
INSERT INTO bets (id, match_id, user_id, home_goals_prediction, away_goals_prediction, penalties_winner_id) VALUES (807, 50, 2, 3, 0, NULL);
INSERT INTO bets (id, match_id, user_id, home_goals_prediction, away_goals_prediction, penalties_winner_id) VALUES (808, 50, 3, 3, 0, NULL);
INSERT INTO bets (id, match_id, user_id, home_goals_prediction, away_goals_prediction, penalties_winner_id) VALUES (809, 50, 6, 3, 1, NULL);
INSERT INTO bets (id, match_id, user_id, home_goals_prediction, away_goals_prediction, penalties_winner_id) VALUES (810, 50, 11, 3, 1, NULL);
INSERT INTO bets (id, match_id, user_id, home_goals_prediction, away_goals_prediction, penalties_winner_id) VALUES (811, 50, 10, 2, 0, NULL);
INSERT INTO bets (id, match_id, user_id, home_goals_prediction, away_goals_prediction, penalties_winner_id) VALUES (812, 50, 8, 2, 0, NULL);
INSERT INTO bets (id, match_id, user_id, home_goals_prediction, away_goals_prediction, penalties_winner_id) VALUES (813, 50, 13, 2, 0, NULL);
INSERT INTO bets (id, match_id, user_id, home_goals_prediction, away_goals_prediction, penalties_winner_id) VALUES (814, 50, 17, 4, 1, NULL);
INSERT INTO bets (id, match_id, user_id, home_goals_prediction, away_goals_prediction, penalties_winner_id) VALUES (815, 50, 12, 3, 0, NULL);
INSERT INTO bets (id, match_id, user_id, home_goals_prediction, away_goals_prediction, penalties_winner_id) VALUES (816, 50, 18, 3, 0, NULL);
INSERT INTO bets (id, match_id, user_id, home_goals_prediction, away_goals_prediction, penalties_winner_id) VALUES (817, 50, 14, 2, 0, NULL);
INSERT INTO bets (id, match_id, user_id, home_goals_prediction, away_goals_prediction, penalties_winner_id) VALUES (818, 50, 15, 3, 0, NULL);
INSERT INTO bets (id, match_id, user_id, home_goals_prediction, away_goals_prediction, penalties_winner_id) VALUES (819, 50, 16, 3, 0, NULL);
INSERT INTO bets (id, match_id, user_id, home_goals_prediction, away_goals_prediction, penalties_winner_id) VALUES (820, 51, 7, 1, 1, NULL);
INSERT INTO bets (id, match_id, user_id, home_goals_prediction, away_goals_prediction, penalties_winner_id) VALUES (821, 51, 2, 1, 0, NULL);
INSERT INTO bets (id, match_id, user_id, home_goals_prediction, away_goals_prediction, penalties_winner_id) VALUES (822, 51, 12, 3, 2, NULL);
INSERT INTO bets (id, match_id, user_id, home_goals_prediction, away_goals_prediction, penalties_winner_id) VALUES (823, 51, 8, 1, 1, NULL);
INSERT INTO bets (id, match_id, user_id, home_goals_prediction, away_goals_prediction, penalties_winner_id) VALUES (824, 51, 13, 2, 1, NULL);
INSERT INTO bets (id, match_id, user_id, home_goals_prediction, away_goals_prediction, penalties_winner_id) VALUES (825, 51, 6, 3, 1, NULL);
INSERT INTO bets (id, match_id, user_id, home_goals_prediction, away_goals_prediction, penalties_winner_id) VALUES (826, 51, 10, 3, 2, NULL);
INSERT INTO bets (id, match_id, user_id, home_goals_prediction, away_goals_prediction, penalties_winner_id) VALUES (827, 51, 15, 3, 1, NULL);
INSERT INTO bets (id, match_id, user_id, home_goals_prediction, away_goals_prediction, penalties_winner_id) VALUES (828, 51, 3, 2, 1, NULL);
INSERT INTO bets (id, match_id, user_id, home_goals_prediction, away_goals_prediction, penalties_winner_id) VALUES (829, 51, 17, 2, 1, NULL);
INSERT INTO bets (id, match_id, user_id, home_goals_prediction, away_goals_prediction, penalties_winner_id) VALUES (830, 51, 9, 2, 3, NULL);
INSERT INTO bets (id, match_id, user_id, home_goals_prediction, away_goals_prediction, penalties_winner_id) VALUES (831, 51, 11, 3, 1, NULL);
INSERT INTO bets (id, match_id, user_id, home_goals_prediction, away_goals_prediction, penalties_winner_id) VALUES (832, 51, 16, 1, 0, NULL);
INSERT INTO bets (id, match_id, user_id, home_goals_prediction, away_goals_prediction, penalties_winner_id) VALUES (833, 51, 18, 2, 2, NULL);
INSERT INTO bets (id, match_id, user_id, home_goals_prediction, away_goals_prediction, penalties_winner_id) VALUES (834, 51, 4, 2, 1, NULL);

-- Betting tables
INSERT INTO betting_tables (id, name, owner_id) VALUES (1, 'Łyczkowie ', 17);
INSERT INTO betting_tables (id, name, owner_id) VALUES (2, 'Bez Sąsiadów', 10);
INSERT INTO betting_tables (id, name, owner_id) VALUES (3, '50zł', 10);

-- Table members
INSERT INTO table_members (id, table_id, user_id) VALUES (1, 1, 17);
INSERT INTO table_members (id, table_id, user_id) VALUES (2, 1, 12);
INSERT INTO table_members (id, table_id, user_id) VALUES (3, 1, 15);
INSERT INTO table_members (id, table_id, user_id) VALUES (4, 2, 10);
INSERT INTO table_members (id, table_id, user_id) VALUES (5, 2, 3);
INSERT INTO table_members (id, table_id, user_id) VALUES (6, 2, 16);
INSERT INTO table_members (id, table_id, user_id) VALUES (7, 2, 6);
INSERT INTO table_members (id, table_id, user_id) VALUES (8, 2, 18);
INSERT INTO table_members (id, table_id, user_id) VALUES (9, 2, 2);
INSERT INTO table_members (id, table_id, user_id) VALUES (10, 2, 7);
INSERT INTO table_members (id, table_id, user_id) VALUES (11, 2, 11);
INSERT INTO table_members (id, table_id, user_id) VALUES (12, 2, 13);
INSERT INTO table_members (id, table_id, user_id) VALUES (13, 2, 14);
INSERT INTO table_members (id, table_id, user_id) VALUES (14, 2, 9);
INSERT INTO table_members (id, table_id, user_id) VALUES (15, 2, 4);
INSERT INTO table_members (id, table_id, user_id) VALUES (16, 2, 8);
INSERT INTO table_members (id, table_id, user_id) VALUES (17, 2, 5);
INSERT INTO table_members (id, table_id, user_id) VALUES (18, 3, 10);
INSERT INTO table_members (id, table_id, user_id) VALUES (19, 3, 6);
INSERT INTO table_members (id, table_id, user_id) VALUES (20, 3, 4);
INSERT INTO table_members (id, table_id, user_id) VALUES (21, 3, 18);
INSERT INTO table_members (id, table_id, user_id) VALUES (22, 3, 8);
INSERT INTO table_members (id, table_id, user_id) VALUES (23, 3, 3);
INSERT INTO table_members (id, table_id, user_id) VALUES (24, 3, 2);
INSERT INTO table_members (id, table_id, user_id) VALUES (25, 3, 13);
INSERT INTO table_members (id, table_id, user_id) VALUES (26, 3, 16);
INSERT INTO table_members (id, table_id, user_id) VALUES (27, 3, 17);
INSERT INTO table_members (id, table_id, user_id) VALUES (28, 3, 7);
INSERT INTO table_members (id, table_id, user_id) VALUES (29, 3, 11);

-- Settings
INSERT INTO settings (id, key, value) VALUES (1, 'whitelist', 'krzysztof.potrzasaj@gmail.com,domin.tomaszewski@gmail.com,offside.tester@gmail.com,dstmingiel@gmail.com,jan.obrycki@gmail.com,artdem@poczta.fm,bartosz.ambrozik@gmail.com,osmaczkopatryk@gmail.com,sebastian.es@yahoo.com,lukas.wolosewicz@gmail.com,kuba.wawrowicz@gmail.com,kasia.rozej@gmail.com,krzysztof.lyczko@gmail.com,tester@offside.com,marta.m.jablonska@gmail.com,michal.przybylak@gmail.com,kubolp@poczta.onet.pl,k-slowikowska@wp.pl,przemyslawzietek1987@gmail.com,j.lyczko23@gmail.com,michal15wolosewicz@gmail.com');
INSERT INTO settings (id, key, value) VALUES (2, 'winnerId', '');

COMMIT;
PRAGMA foreign_keys = ON;